company_id,sales,net_profit,operating_profit,borrowings,zscore_anomaly,isolation_forest_flag,isolation_anomaly
ABB,6066.0,1285.0,1547.0,60.0,False,1,False
ADANIENSOL,22099.0,589.0,6592.0,39009.0,False,1,False
ADANIENT,102311.0,6086.0,13893.0,80427.0,False,1,False
ADANIGREEN,10782.0,1928.0,8100.0,67430.0,False,1,False
ADANIPORTS,28443.0,9743.0,17165.0,50485.0,False,1,False
ADANIPORTS,28443.0,9743.0,17165.0,50485.0,False,1,False
ADANIPOWER,54650.0,12686.0,20965.0,37705.0,False,1,False
AMBUJACEM,32850.0,3871.0,5822.0,779.0,False,1,False
APOLLOHOSP,20469.0,1224.0,2745.0,7371.0,False,1,False
ASIANPAINT,34831.0,4631.0,6681.0,2474.0,False,1,False
ATGL,4826.0,668.0,1153.0,1457.0,False,1,False
BAJAJ-AUTO,48900.0,7371.0,9143.0,5245.0,False,1,False
AXISBANK,120659.0,26386.0,44566.0,1295302.0,False,1,False
BAJAJFINSV,126263.0,16520.0,45479.0,318675.0,False,1,False
BAJAJHLDNG,1733.0,7486.0,1554.0,47.0,False,1,False
BAJFINANCE,62279.0,15389.0,18943.0,324218.0,False,1,False
BANKBARODA,124144.0,20144.0,46459.0,1453761.0,False,1,False
BHARTIARTL,155478.0,13816.0,80733.0,225541.0,False,1,False
BEL,21575.0,4541.0,5708.0,78.0,False,1,False
BHEL,25833.0,445.0,1050.0,9128.0,False,1,False
BOSCHLTD,17150.0,2084.0,2216.0,31.0,False,1,False
BPCL,445601.0,13734.0,26554.0,58880.0,True,1,False
BRITANNIA,17244.0,2129.0,3136.0,2754.0,False,1,False
CANBK,119392.0,16571.0,48026.0,1369780.0,False,1,False
CHOLAFIN,22502.0,3852.0,6452.0,157943.0,False,1,False
CIPLA,26981.0,4987.0,20075.0,461.0,False,1,False
COALINDIA,140328.0,34350.0,93717.0,7816.0,False,1,False
DABUR,12447.0,1760.0,2341.0,1752.0,False,1,False
DIVISLAB,8614.0,1836.0,2558.0,8.0,False,1,False
DLF,7001.0,4004.0,1885.0,4290.0,False,1,False
DMART,57213.0,2720.0,4476.0,713.0,False,1,False
DRREDDY,31229.0,5448.0,8311.0,4854.0,False,1,False
EICHERMOT,17091.0,4268.0,4472.0,404.0,False,1,False
GAIL,136081.0,11541.0,16784.0,19632.0,False,1,False
GODREJCP,14152.0,-453.0,2996.0,3828.0,False,1,False
GRASIM,137116.0,8693.0,27506.0,158159.0,False,1,False
HAL,31154.0,8472.0,9954.0,124.0,False,1,False
HAVELLS,20677.0,1400.0,2008.0,332.0,False,1,False
HCLTECH,115308.0,17085.0,25139.0,5791.0,False,1,False
HDFCBANK,329022.0,72168.0,206009.0,3107503.0,True,-1,True
HDFCLIFE,100772.0,1747.0,100048.0,950.0,False,1,False
HEROMOTOCO,40098.0,4133.0,34537.0,588.0,False,1,False
HINDALCO,224018.0,12488.0,196087.0,60959.0,False,-1,True
HINDUNILVR,62661.0,10757.0,47902.0,1651.0,False,1,False
ICICIBANK,180551.0,52416.0,125722.0,1651008.0,True,-1,True
ICICIGI,23301.0,2518.0,19938.0,35.0,False,1,False
ICICIPRULI,77572.0,974.0,77251.0,0.0,False,1,False
INDUSINDBK,49004.0,8122.0,20104.0,432404.0,False,1,False
INFY,159988.0,27687.0,38145.0,8804.0,False,1,False
IOC,761485.0,10909.0,32930.0,163401.0,True,-1,True
IRCTC,4455.0,1200.0,1505.0,42.0,False,1,False
IRFC,26902.0,6537.0,26758.0,403111.0,False,1,False
ITC,75135.0,20829.0,26640.0,304.0,False,1,False
JINDALSTEL,50019.0,5060.0,10327.0,17266.0,False,1,False
JIOFIN,1968.0,1607.0,1531.0,0.0,False,1,False
JSWENERGY,11416.0,1988.0,5382.0,30853.0,False,1,False
JSWSTEEL,170274.0,3312.0,22478.0,87984.0,False,1,False
KOTAKBANK,64053.0,22530.0,50872.0,520374.0,False,1,False
LICI,896106.0,41468.0,25851.0,10.0,True,-1,True
LODHA,13574.0,2511.0,3812.0,7990.0,False,1,False
LT,238881.0,16150.0,30815.0,2326.0,False,1,False
LTIM,37129.0,4574.0,6434.0,2326.0,False,1,False
M&M,145893.0,13009.0,27204.0,116844.0,False,1,False
MARUTI,145213.0,14021.0,19766.0,158.0,False,1,False
MOTHERSON,109382.0,4123.0,10474.0,19922.0,False,1,False
NAUKRI,2662.0,551.0,751.0,256.0,False,1,False
NESTLEIND,19786.0,3323.0,4726.0,370.0,False,1,False
NHPC,9690.0,3417.0,5015.0,34210.0,False,1,False
NTPC,185892.0,22546.0,52392.0,242009.0,False,1,False
ONGC,658694.0,42320.0,85870.0,191489.0,True,-1,True
PFC,98152.0,28248.0,35764.0,861961.0,False,1,False
PIDILITIND,12901.0,1973.0,2952.0,379.0,False,1,False
PNB,116126.0,14535.0,,55017.0,False,1,False
POWERGRID,45812.0,15712.0,39235.0,122568.0,False,1,False
RECLTD,51490.0,14885.0,50860.0,483617.0,False,1,False
RELIANCE,939838.0,79941.0,164128.0,357525.0,True,-1,True
SBILIFE,130073.0,2411.0,1007.0,0.0,False,1,False
SBIN,469625.0,74461.0,-59190.0,,True,-1,True
SHREECEM,19802.0,1733.0,4226.0,1682.0,False,1,False
SHRIRAMFIN,39864.0,9454.0,11416.0,207820.0,False,1,False
SUNPHARMA,50308.0,11117.0,14059.0,2572.0,False,1,False
TATACONSUM,16297.0,1170.0,2496.0,2955.0,False,1,False
TATAMOTORS,440061.0,33816.0,60497.0,106549.0,True,-1,True
TATAPOWER,63489.0,4403.0,11057.0,58314.0,False,1,False
TATASTEEL,221012.0,2527.0,25314.0,99392.0,False,1,False
TCS,252082.0,49006.0,67591.0,9046.0,True,-1,True
TECHM,52476.0,3775.0,6223.0,2035.0,False,1,False
TITAN,54458.0,3243.0,5239.0,21648.0,False,1,False
TORNTPHARM,11302.0,1862.0,3640.0,3128.0,False,1,False
TRENT,15025.0,1809.0,2354.0,1842.0,False,1,False
TVSMOTOR,42886.0,2094.0,6190.0,14619.0,False,1,False
ULTRACEMCO,71317.0,6252.0,12056.0,16964.0,False,1,False
UNIONBANK,107058.0,16344.0,2090.0,1251568.0,False,1,False
TRENT,1686.0,55.0,90.0,1842.0,False,1,False
UNITDSPR,11821.0,1402.0,2111.0,518.0,False,1,False
VBL,18987.0,2582.0,4549.0,,False,1,False
VEDL,144448.0,15841.0,37072.0,87706.0,False,1,False
WIPRO,88792.0,12488.0,17773.0,19282.0,False,1,False
ZOMATO,17972.0,663.0,651.0,1159.0,False,1,False
ZYDUSLIFE,21484.0,4439.0,6278.0,190.0,False,1,False
INDIGO,76476.0,6074.0,60568.0,20.0,False,1,False
ABB,1653.0,145.0,202.0,60.0,False,1,False
ABB,2276.0,198.0,267.0,60.0,False,1,False
ABB,2289.0,229.0,312.0,60.0,False,1,False
ABB,2614.0,255.0,365.0,60.0,False,1,False
ABB,2903.0,277.0,398.0,60.0,False,1,False
ABB,3298.0,401.0,525.0,60.0,False,1,False
ABB,3679.0,450.0,605.0,60.0,False,1,False
ABB,4093.0,593.0,757.0,60.0,False,1,False
ABB,4310.0,691.0,922.0,60.0,False,1,False
ABB,4913.0,799.0,1082.0,60.0,False,1,False
ABB,5349.0,949.0,1206.0,60.0,False,1,False
ABB,5849.0,1201.0,1453.0,60.0,False,1,False
ADANIENSOL,0.0,0.0,0.0,39009.0,False,1,False
ADANIENSOL,131.0,-7.0,101.0,39009.0,False,1,False
ADANIENSOL,2194.0,368.0,1927.0,39009.0,False,1,False
ADANIENSOL,2876.0,416.0,1983.0,39009.0,False,1,False
ADANIENSOL,3944.0,1143.0,2826.0,39009.0,False,1,False
ADANIENSOL,7305.0,559.0,2778.0,39009.0,False,1,False
ADANIENSOL,11416.0,706.0,4258.0,39009.0,False,1,False
ADANIENSOL,9926.0,1290.0,3950.0,39009.0,False,1,False
ADANIENSOL,11258.0,1236.0,4206.0,39009.0,False,1,False
ADANIENSOL,13293.0,1281.0,4518.0,39009.0,False,1,False
ADANIENSOL,16607.0,1196.0,5711.0,39009.0,False,1,False
ADANIENT,46375.0,1218.0,6021.0,80427.0,False,1,False
ADANIENT,54947.0,2646.0,9383.0,80427.0,False,1,False
ADANIENT,64465.0,2298.0,12450.0,80427.0,False,1,False
ADANIENT,34008.0,1000.0,1684.0,80427.0,False,1,False
ADANIENT,36533.0,925.0,1902.0,80427.0,False,1,False
ADANIENT,35924.0,594.0,2038.0,80427.0,False,1,False
ADANIENT,40379.0,506.0,1969.0,80427.0,False,1,False
ADANIENT,43403.0,1040.0,2294.0,80427.0,False,1,False
ADANIENT,39537.0,1046.0,2506.0,80427.0,False,1,False
ADANIENT,69420.0,788.0,3714.0,80427.0,False,1,False
ADANIENT,127540.0,2422.0,8818.0,80427.0,False,1,False
ADANIENT,96421.0,3335.0,11377.0,80427.0,False,1,False
ADANIGREEN,502.0,-47.0,403.0,67430.0,False,1,False
ADANIGREEN,1480.0,-138.0,843.0,67430.0,False,1,False
ADANIGREEN,2058.0,-475.0,1526.0,67430.0,False,1,False
ADANIGREEN,2549.0,-68.0,1450.0,67430.0,False,1,False
ADANIGREEN,3124.0,182.0,2241.0,67430.0,False,1,False
ADANIGREEN,5133.0,489.0,3512.0,67430.0,False,1,False
ADANIGREEN,7776.0,973.0,4970.0,67430.0,False,1,False
ADANIGREEN,9220.0,1260.0,7318.0,67430.0,False,1,False
ADANIPORTS,3577.0,1639.0,2382.0,50485.0,False,1,False
ADANIPORTS,4830.0,1741.0,2919.0,50485.0,False,1,False
ADANIPORTS,6152.0,2324.0,3902.0,50485.0,False,1,False
ADANIPORTS,7109.0,2856.0,4577.0,50485.0,False,1,False
ADANIPORTS,8439.0,3902.0,5418.0,50485.0,False,1,False
ADANIPORTS,11323.0,3690.0,7157.0,50485.0,False,1,False
ADANIPORTS,10925.0,4045.0,6596.0,50485.0,False,1,False
ADANIPORTS,11873.0,3785.0,5947.0,50485.0,False,1,False
ADANIPORTS,12550.0,5049.0,8688.0,50485.0,False,1,False
ADANIPORTS,17119.0,4953.0,9528.0,50485.0,False,1,False
ADANIPORTS,20852.0,5391.0,10947.0,50485.0,False,1,False
ADANIPORTS,26711.0,8104.0,15589.0,50485.0,False,1,False
ADANIPORTS,3577.0,1639.0,2382.0,50485.0,False,1,False
ADANIPORTS,4830.0,1741.0,2919.0,50485.0,False,1,False
ADANIPORTS,6152.0,2324.0,3902.0,50485.0,False,1,False
ADANIPORTS,7109.0,2856.0,4577.0,50485.0,False,1,False
ADANIPORTS,8439.0,3902.0,5418.0,50485.0,False,1,False
ADANIPORTS,11323.0,3690.0,7157.0,50485.0,False,1,False
ADANIPORTS,10925.0,4045.0,6596.0,50485.0,False,1,False
ADANIPORTS,11873.0,3785.0,5947.0,50485.0,False,1,False
ADANIPORTS,12550.0,5049.0,8688.0,50485.0,False,1,False
ADANIPORTS,17119.0,4953.0,9528.0,50485.0,False,1,False
ADANIPORTS,20852.0,5391.0,10947.0,50485.0,False,1,False
ADANIPORTS,26711.0,8104.0,15589.0,50485.0,False,1,False
ADANIPOWER,6692.0,-2295.0,960.0,37705.0,False,1,False
ADANIPOWER,15328.0,-291.0,4593.0,37705.0,False,1,False
ADANIPOWER,18683.0,-816.0,4678.0,37705.0,False,1,False
ADANIPOWER,25377.0,551.0,8802.0,37705.0,False,1,False
ADANIPOWER,22616.0,-6174.0,5980.0,37705.0,False,1,False
ADANIPOWER,20304.0,-2103.0,5436.0,37705.0,False,1,False
ADANIPOWER,23884.0,-984.0,4983.0,37705.0,False,1,False
ADANIPOWER,26468.0,-2275.0,5734.0,37705.0,False,1,False
ADANIPOWER,26221.0,1270.0,8688.0,37705.0,False,1,False
ADANIPOWER,27711.0,4912.0,9881.0,37705.0,False,1,False
ADANIPOWER,38773.0,10727.0,10096.0,37705.0,False,1,False
ADANIPOWER,50351.0,20829.0,18228.0,37705.0,False,1,False
AMBUJACEM,9749.0,1292.0,2473.0,779.0,False,1,False
AMBUJACEM,9161.0,1278.0,1669.0,779.0,False,1,False
AMBUJACEM,9955.0,1487.0,1934.0,779.0,False,1,False
AMBUJACEM,9437.0,808.0,1542.0,779.0,False,1,False
AMBUJACEM,20094.0,1434.0,3181.0,779.0,False,1,False
AMBUJACEM,23609.0,1945.0,3858.0,779.0,False,1,False
AMBUJACEM,26041.0,2973.0,4011.0,779.0,False,1,False
AMBUJACEM,27104.0,2783.0,4597.0,779.0,False,1,False
AMBUJACEM,24516.0,3107.0,5006.0,779.0,False,1,False
AMBUJACEM,28965.0,3711.0,6210.0,779.0,False,1,False
AMBUJACEM,38937.0,3024.0,5122.0,779.0,False,1,False
AMBUJACEM,33160.0,4738.0,6400.0,779.0,False,1,False
APOLLOHOSP,3769.0,303.0,612.0,7371.0,False,1,False
APOLLOHOSP,4357.0,315.0,676.0,7371.0,False,1,False
APOLLOHOSP,5129.0,335.0,737.0,7371.0,False,1,False
APOLLOHOSP,6150.0,235.0,684.0,7371.0,False,1,False
APOLLOHOSP,7256.0,131.0,734.0,7371.0,False,1,False
APOLLOHOSP,8243.0,60.0,801.0,7371.0,False,1,False
APOLLOHOSP,9617.0,200.0,1070.0,7371.0,False,1,False
APOLLOHOSP,11247.0,432.0,1591.0,7371.0,False,1,False
APOLLOHOSP,10560.0,137.0,1140.0,7371.0,False,1,False
APOLLOHOSP,14663.0,1108.0,2189.0,7371.0,False,1,False
APOLLOHOSP,16612.0,844.0,2065.0,7371.0,False,1,False
APOLLOHOSP,19059.0,935.0,2394.0,7371.0,False,1,False
ASIANPAINT,10504.0,1160.0,1737.0,2474.0,False,1,False
ASIANPAINT,12220.0,1263.0,2004.0,2474.0,False,1,False
ASIANPAINT,13615.0,1427.0,2243.0,2474.0,False,1,False
ASIANPAINT,14271.0,1803.0,2725.0,2474.0,False,1,False
ASIANPAINT,15062.0,2016.0,2994.0,2474.0,False,1,False
ASIANPAINT,16825.0,2098.0,3204.0,2474.0,False,1,False
ASIANPAINT,19240.0,2208.0,3765.0,2474.0,False,1,False
ASIANPAINT,20211.0,2774.0,4157.0,2474.0,False,1,False
ASIANPAINT,21713.0,3207.0,4856.0,2474.0,False,1,False
ASIANPAINT,29101.0,3085.0,4804.0,2474.0,False,1,False
ASIANPAINT,34489.0,4195.0,6260.0,2474.0,False,1,False
ASIANPAINT,35495.0,5558.0,7585.0,2474.0,False,1,False
ATGL,1374.0,162.0,366.0,1457.0,False,1,False
ATGL,1719.0,229.0,455.0,1457.0,False,1,False
ATGL,1875.0,436.0,595.0,1457.0,False,1,False
ATGL,1696.0,463.0,704.0,1457.0,False,1,False
ATGL,3038.0,509.0,773.0,1457.0,False,1,False
ATGL,4378.0,546.0,870.0,1457.0,False,1,False
ATGL,4475.0,668.0,1104.0,1457.0,False,1,False
BAJAJ-AUTO,20025.0,3133.0,3656.0,5245.0,False,1,False
BAJAJ-AUTO,20137.0,3380.0,4163.0,5245.0,False,1,False
BAJAJ-AUTO,21595.0,3026.0,4128.0,5245.0,False,1,False
BAJAJ-AUTO,22574.0,4061.0,4793.0,5245.0,False,1,False
BAJAJ-AUTO,21755.0,4079.0,4429.0,5245.0,False,1,False
BAJAJ-AUTO,25210.0,4219.0,4846.0,5245.0,False,1,False
BAJAJ-AUTO,30358.0,4928.0,5198.0,5245.0,False,1,False
BAJAJ-AUTO,29919.0,5212.0,5109.0,5245.0,False,1,False
BAJAJ-AUTO,27741.0,4857.0,4938.0,5245.0,False,1,False
BAJAJ-AUTO,33145.0,6166.0,5259.0,5245.0,False,1,False
BAJAJ-AUTO,36455.0,6060.0,6465.0,5245.0,False,1,False
BAJAJ-AUTO,44870.0,7708.0,8765.0,5245.0,False,1,False
AXISBANK,27183.0,5179.0,8313.0,1295302.0,False,1,False
AXISBANK,30641.0,6218.0,9644.0,1295302.0,False,1,False
AXISBANK,35479.0,7358.0,11127.0,1295302.0,False,1,False
AXISBANK,40988.0,8224.0,13367.0,1295302.0,False,1,False
AXISBANK,44542.0,3679.0,23808.0,1295302.0,False,1,False
AXISBANK,45780.0,276.0,28895.0,1295302.0,False,1,False
AXISBANK,54986.0,4677.0,27155.0,1295302.0,False,1,False
AXISBANK,62635.0,1627.0,35066.0,1295302.0,False,1,False
AXISBANK,63346.0,6588.0,31749.0,1295302.0,False,1,False
AXISBANK,67377.0,13025.0,29962.0,1295302.0,False,1,False
AXISBANK,85164.0,9580.0,29089.0,1295302.0,False,1,False
AXISBANK,109369.0,24861.0,37943.0,1295302.0,False,1,False
BAJAJFINSV,8055.0,2214.0,3931.0,318675.0,False,1,False
BAJAJFINSV,6023.0,2191.0,4491.0,318675.0,False,1,False
BAJAJFINSV,11335.0,2409.0,5511.0,318675.0,False,1,False
BAJAJFINSV,20533.0,2775.0,6739.0,318675.0,False,1,False
BAJAJFINSV,24507.0,3450.0,8713.0,318675.0,False,1,False
BAJAJFINSV,32862.0,4176.0,10788.0,318675.0,False,1,False
BAJAJFINSV,42605.0,5374.0,15037.0,318675.0,False,1,False
BAJAJFINSV,54351.0,5994.0,18258.0,318675.0,False,1,False
BAJAJFINSV,60592.0,7367.0,19641.0,318675.0,False,1,False
BAJAJFINSV,68406.0,8314.0,21455.0,318675.0,False,1,False
BAJAJFINSV,82072.0,12210.0,29868.0,318675.0,False,1,False
BAJAJFINSV,110382.0,15595.0,40886.0,318675.0,False,1,False
BAJAJHLDNG,337.0,1856.0,322.0,47.0,False,1,False
BAJAJHLDNG,423.0,1988.0,400.0,47.0,False,1,False
BAJAJHLDNG,524.0,2029.0,484.0,47.0,False,1,False
BAJAJHLDNG,470.0,2265.0,429.0,47.0,False,1,False
BAJAJHLDNG,842.0,2473.0,628.0,47.0,False,1,False
BAJAJHLDNG,420.0,2655.0,355.0,47.0,False,1,False
BAJAJHLDNG,431.0,3048.0,347.0,47.0,False,1,False
BAJAJHLDNG,435.0,3080.0,301.0,47.0,False,1,False
BAJAJHLDNG,457.0,3654.0,352.0,47.0,False,1,False
BAJAJHLDNG,484.0,4126.0,367.0,47.0,False,1,False
BAJAJHLDNG,522.0,4946.0,380.0,47.0,False,1,False
BAJAJHLDNG,1702.0,7365.0,1562.0,47.0,False,1,False
BAJFINANCE,5392.0,898.0,1752.0,324218.0,False,1,False
BAJFINANCE,7299.0,1279.0,2354.0,324218.0,False,1,False
BAJFINANCE,9970.0,1836.0,3250.0,324218.0,False,1,False
BAJFINANCE,12746.0,2496.0,4115.0,324218.0,False,1,False
BAJFINANCE,18487.0,3995.0,5454.0,324218.0,False,1,False
BAJFINANCE,26374.0,5264.0,9159.0,324218.0,False,1,False
BAJFINANCE,26673.0,4420.0,10839.0,324218.0,False,1,False
BAJFINANCE,31641.0,7028.0,11880.0,324218.0,False,1,False
BAJFINANCE,41411.0,11508.0,12693.0,324218.0,False,1,False
BAJFINANCE,54972.0,14451.0,16099.0,324218.0,False,1,False
BANKBARODA,36442.0,4829.0,10950.0,1453761.0,False,1,False
BANKBARODA,40463.0,5036.0,12049.0,1453761.0,False,1,False
BANKBARODA,44915.0,3950.0,13466.0,1453761.0,False,1,False
BANKBARODA,45799.0,-5033.0,25391.0,1453761.0,False,1,False
BANKBARODA,44473.0,1855.0,19250.0,1453761.0,False,1,False
BANKBARODA,46056.0,-1836.0,26093.0,1453761.0,False,1,False
BANKBARODA,52906.0,1166.0,25815.0,1453761.0,False,1,False
BANKBARODA,78895.0,981.0,40583.0,1453761.0,False,1,False
BANKBARODA,74314.0,1620.0,38070.0,1453761.0,False,1,False
BANKBARODA,73385.0,7933.0,37518.0,1453761.0,False,1,False
BANKBARODA,94503.0,15005.0,38231.0,1453761.0,False,1,False
BANKBARODA,118379.0,18869.0,44379.0,1453761.0,False,1,False
BHARTIARTL,76947.0,2267.0,22960.0,225541.0,False,1,False
BHARTIARTL,85864.0,3019.0,26512.0,225541.0,False,1,False
BHARTIARTL,96101.0,5048.0,33602.0,225541.0,False,1,False
BHARTIARTL,96532.0,6893.0,33984.0,225541.0,False,1,False
BHARTIARTL,95468.0,4241.0,35330.0,225541.0,False,1,False
BHARTIARTL,82639.0,2184.0,30079.0,225541.0,False,1,False
BHARTIARTL,80780.0,1688.0,25764.0,225541.0,False,1,False
BHARTIARTL,87539.0,-30664.0,36610.0,225541.0,True,1,False
BHARTIARTL,100616.0,-12364.0,45279.0,225541.0,False,1,False
BHARTIARTL,116547.0,8305.0,57534.0,225541.0,False,1,False
BHARTIARTL,139145.0,12287.0,71274.0,225541.0,False,1,False
BHARTIARTL,149982.0,8558.0,78292.0,225541.0,False,1,False
BEL,6273.0,911.0,669.0,78.0,False,1,False
BEL,6518.0,952.0,925.0,78.0,False,1,False
BEL,7093.0,1197.0,1179.0,78.0,False,1,False
BEL,7354.0,1337.0,1393.0,78.0,False,1,False
BEL,8656.0,1523.0,1792.0,78.0,False,1,False
BEL,10401.0,1431.0,2039.0,78.0,False,1,False
BEL,12164.0,1887.0,2909.0,78.0,False,1,False
BEL,12968.0,1825.0,2759.0,78.0,False,1,False
BEL,14109.0,2100.0,3214.0,78.0,False,1,False
BEL,15368.0,2400.0,3344.0,78.0,False,1,False
BEL,17734.0,2986.0,4090.0,78.0,False,1,False
BEL,20268.0,3985.0,5051.0,78.0,False,1,False
BHEL,48903.0,6693.0,9483.0,9128.0,False,1,False
BHEL,39561.0,3502.0,4579.0,9128.0,False,1,False
BHEL,31323.0,1450.0,2141.0,9128.0,False,1,False
BHEL,25505.0,-706.0,-1357.0,9128.0,False,1,False
BHEL,28465.0,455.0,1095.0,9128.0,False,1,False
BHEL,28827.0,438.0,1653.0,9128.0,False,1,False
BHEL,30441.0,1002.0,2032.0,9128.0,False,1,False
BHEL,21463.0,-1468.0,-133.0,9128.0,False,1,False
BHEL,17309.0,-2700.0,-3049.0,9128.0,False,1,False
BHEL,21211.0,445.0,828.0,9128.0,False,1,False
BHEL,23365.0,654.0,1044.0,9128.0,False,1,False
BHEL,23893.0,282.0,711.0,9128.0,False,1,False
BOSCHLTD,8659.0,958.0,1350.0,31.0,False,1,False
BOSCHLTD,8757.0,885.0,1289.0,31.0,False,1,False
BOSCHLTD,12086.0,1338.0,1981.0,31.0,False,1,False
BOSCHLTD,9701.0,1531.0,1878.0,31.0,False,1,False
BOSCHLTD,10435.0,1741.0,1963.0,31.0,False,1,False
BOSCHLTD,11690.0,1371.0,2093.0,31.0,False,1,False
BOSCHLTD,12085.0,1598.0,2154.0,31.0,False,1,False
BOSCHLTD,9842.0,650.0,1483.0,31.0,False,1,False
BOSCHLTD,9718.0,482.0,1163.0,31.0,False,1,False
BOSCHLTD,11782.0,1217.0,1462.0,31.0,False,1,False
BOSCHLTD,14929.0,1424.0,1810.0,31.0,False,1,False
BOSCHLTD,16727.0,2490.0,2095.0,31.0,False,1,False
BPCL,242181.0,1936.0,6709.0,58880.0,False,1,False
BPCL,264421.0,4053.0,9414.0,58880.0,False,1,False
BPCL,242598.0,5082.0,9780.0,58880.0,False,1,False
BPCL,187815.0,8089.0,12971.0,58880.0,False,1,False
BPCL,201251.0,9507.0,13783.0,58880.0,False,1,False
BPCL,235895.0,9792.0,15317.0,58880.0,False,1,False
BPCL,298226.0,8528.0,15112.0,58880.0,False,1,False
BPCL,284572.0,3666.0,8975.0,58880.0,False,1,False
BPCL,230171.0,17320.0,21001.0,58880.0,False,1,False
BPCL,346791.0,11682.0,19137.0,58880.0,False,1,False
BPCL,473187.0,2131.0,10899.0,58880.0,True,1,False
BPCL,448083.0,26859.0,44082.0,58880.0,True,1,False
BRITANNIA,6185.0,260.0,421.0,2754.0,False,1,False
BRITANNIA,6913.0,395.0,627.0,2754.0,False,1,False
BRITANNIA,7858.0,689.0,870.0,2754.0,False,1,False
BRITANNIA,8397.0,825.0,1224.0,2754.0,False,1,False
BRITANNIA,9054.0,885.0,1278.0,2754.0,False,1,False
BRITANNIA,9914.0,1004.0,1501.0,2754.0,False,1,False
BRITANNIA,11055.0,1155.0,1732.0,2754.0,False,1,False
BRITANNIA,11600.0,1394.0,1843.0,2754.0,False,1,False
BRITANNIA,13136.0,1851.0,2509.0,2754.0,False,1,False
BRITANNIA,14136.0,1516.0,2201.0,2754.0,False,1,False
BRITANNIA,16301.0,2316.0,2831.0,2754.0,False,1,False
BRITANNIA,16769.0,2134.0,3167.0,2754.0,False,1,False
CANBK,34070.0,2995.0,7217.0,1369780.0,False,1,False
CANBK,39570.0,2672.0,9636.0,1369780.0,False,1,False
CANBK,43813.0,2931.0,10302.0,1369780.0,False,1,False
CANBK,44039.0,-2535.0,17785.0,1369780.0,False,1,False
CANBK,41457.0,1411.0,15691.0,1369780.0,False,1,False
CANBK,41345.0,-3873.0,25582.0,1369780.0,False,1,False
CANBK,47951.0,696.0,27202.0,1369780.0,False,1,False
CANBK,49759.0,-1921.0,26809.0,1369780.0,False,1,False
CANBK,70253.0,2957.0,43437.0,1369780.0,False,1,False
CANBK,70614.0,6158.0,41235.0,1369780.0,False,1,False
CANBK,85885.0,11345.0,42772.0,1369780.0,False,1,False
CANBK,110519.0,15401.0,46146.0,1369780.0,False,1,False
CHOLAFIN,2570.0,308.0,688.0,157943.0,False,1,False
CHOLAFIN,3279.0,368.0,932.0,157943.0,False,1,False
CHOLAFIN,3715.0,444.0,1061.0,157943.0,False,1,False
CHOLAFIN,4214.0,575.0,1266.0,157943.0,False,1,False
CHOLAFIN,4694.0,718.0,1322.0,157943.0,False,1,False
CHOLAFIN,5559.0,918.0,1451.0,157943.0,False,1,False
CHOLAFIN,7108.0,1197.0,1632.0,157943.0,False,1,False
CHOLAFIN,8712.0,1054.0,2421.0,157943.0,False,1,False
CHOLAFIN,9583.0,1521.0,2913.0,157943.0,False,1,False
CHOLAFIN,10148.0,2154.0,2926.0,157943.0,False,1,False
CHOLAFIN,12884.0,2665.0,3621.0,157943.0,False,1,False
CHOLAFIN,19163.0,3420.0,5385.0,157943.0,False,1,False
CIPLA,8279.0,1545.0,6065.0,461.0,False,1,False
CIPLA,10173.0,1404.0,8026.0,461.0,False,1,False
CIPLA,11345.0,1229.0,9183.0,461.0,False,1,False
CIPLA,13790.0,1383.0,11310.0,461.0,False,1,False
CIPLA,14394.0,1035.0,11898.0,461.0,False,1,False
CIPLA,15156.0,1417.0,12329.0,461.0,False,1,False
CIPLA,16362.0,1492.0,13265.0,461.0,False,1,False
CIPLA,17132.0,1500.0,13926.0,461.0,False,1,False
CIPLA,19160.0,2389.0,14907.0,461.0,False,1,False
CIPLA,21763.0,2547.0,17211.0,461.0,False,1,False
CIPLA,22753.0,2833.0,17726.0,461.0,False,1,False
CIPLA,25774.0,4154.0,19483.0,461.0,False,1,False
COALINDIA,68303.0,17356.0,50216.0,7816.0,False,1,False
COALINDIA,70608.0,15112.0,52842.0,7816.0,False,1,False
COALINDIA,74120.0,13727.0,56777.0,7816.0,False,1,False
COALINDIA,77861.0,14267.0,59147.0,7816.0,False,1,False
COALINDIA,78164.0,9280.0,65716.0,7816.0,False,1,False
COALINDIA,85244.0,7038.0,75956.0,7816.0,False,1,False
COALINDIA,99586.0,17464.0,74579.0,7816.0,False,1,False
COALINDIA,96080.0,16700.0,74500.0,7816.0,False,1,False
COALINDIA,90026.0,12702.0,71398.0,7816.0,False,1,False
COALINDIA,109715.0,17378.0,84995.0,7816.0,False,1,False
COALINDIA,138252.0,31723.0,94020.0,7816.0,False,1,False
COALINDIA,142324.0,37369.0,94352.0,7816.0,True,-1,True
DABUR,6140.0,766.0,992.0,1752.0,False,1,False
DABUR,7058.0,916.0,1162.0,1752.0,False,1,False
DABUR,7795.0,1068.0,1320.0,1752.0,False,1,False
DABUR,7780.0,1254.0,1518.0,1752.0,False,1,False
DABUR,7614.0,1280.0,1512.0,1752.0,False,1,False
DABUR,7722.0,1358.0,1617.0,1752.0,False,1,False
DABUR,8515.0,1446.0,1740.0,1752.0,False,1,False
DABUR,8685.0,1448.0,1792.0,1752.0,False,1,False
DABUR,9562.0,1695.0,2002.0,1752.0,False,1,False
DABUR,10889.0,1742.0,2252.0,1752.0,False,1,False
DABUR,11530.0,1701.0,2162.0,1752.0,False,1,False
DABUR,12404.0,1811.0,2400.0,1752.0,False,1,False
DIVISLAB,2145.0,602.0,816.0,8.0,False,1,False
DIVISLAB,2532.0,773.0,1018.0,8.0,False,1,False
DIVISLAB,3115.0,852.0,1173.0,8.0,False,1,False
DIVISLAB,3776.0,1126.0,1423.0,8.0,False,1,False
DIVISLAB,4064.0,1060.0,1450.0,8.0,False,1,False
DIVISLAB,3891.0,877.0,1269.0,8.0,False,1,False
DIVISLAB,4946.0,1353.0,1874.0,8.0,False,1,False
DIVISLAB,5394.0,1377.0,1826.0,8.0,False,1,False
DIVISLAB,6969.0,1984.0,2867.0,8.0,False,1,False
DIVISLAB,8960.0,2960.0,3885.0,8.0,False,1,False
DIVISLAB,7767.0,1824.0,2370.0,8.0,False,1,False
DIVISLAB,7845.0,1600.0,2210.0,8.0,False,1,False
DLF,7773.0,667.0,2633.0,4290.0,False,1,False
DLF,8298.0,590.0,2493.0,4290.0,False,1,False
DLF,7649.0,507.0,3014.0,4290.0,False,1,False
DLF,9926.0,305.0,3966.0,4290.0,False,1,False
DLF,8221.0,708.0,3446.0,4290.0,False,1,False
DLF,6707.0,4477.0,2378.0,4290.0,False,1,False
DLF,8366.0,1314.0,2148.0,4290.0,False,1,False
DLF,6083.0,-590.0,1146.0,4290.0,False,1,False
DLF,5414.0,1083.0,1469.0,4290.0,False,1,False
DLF,5717.0,1500.0,1743.0,4290.0,False,1,False
DLF,5695.0,2034.0,1726.0,4290.0,False,1,False
DLF,6427.0,2724.0,2124.0,4290.0,False,1,False
DMART,3341.0,94.0,215.0,713.0,False,1,False
DMART,4686.0,161.0,341.0,713.0,False,1,False
DMART,6439.0,212.0,456.0,713.0,False,1,False
DMART,8584.0,320.0,664.0,713.0,False,1,False
DMART,11898.0,479.0,969.0,713.0,False,1,False
DMART,15033.0,806.0,1353.0,713.0,False,1,False
DMART,20005.0,902.0,1633.0,713.0,False,1,False
DMART,24870.0,1301.0,2128.0,713.0,False,1,False
DMART,24143.0,1099.0,1745.0,713.0,False,1,False
DMART,30976.0,1492.0,2502.0,713.0,False,1,False
DMART,42840.0,2378.0,3639.0,713.0,False,1,False
DMART,50789.0,2536.0,4106.0,713.0,False,1,False
DRREDDY,11833.0,1527.0,2669.0,4854.0,False,1,False
DRREDDY,13415.0,1963.0,3251.0,4854.0,False,1,False
DRREDDY,15023.0,2336.0,3508.0,4854.0,False,1,False
DRREDDY,15568.0,2131.0,3585.0,4854.0,False,1,False
DRREDDY,14196.0,1292.0,2472.0,4854.0,False,1,False
DRREDDY,14281.0,947.0,2351.0,4854.0,False,1,False
DRREDDY,15448.0,1950.0,3178.0,4854.0,False,1,False
DRREDDY,17517.0,2026.0,2477.0,4854.0,False,1,False
DRREDDY,19048.0,1952.0,3874.0,4854.0,False,1,False
DRREDDY,21545.0,2182.0,3768.0,4854.0,False,1,False
DRREDDY,24670.0,4507.0,6470.0,4854.0,False,1,False
DRREDDY,28011.0,5578.0,7933.0,4854.0,False,1,False
EICHERMOT,6390.0,475.0,550.0,404.0,False,1,False
EICHERMOT,6810.0,525.0,715.0,404.0,False,1,False
EICHERMOT,8738.0,702.0,1118.0,404.0,False,1,False
EICHERMOT,6173.0,1338.0,1690.0,404.0,False,1,False
EICHERMOT,7033.0,1667.0,2174.0,404.0,False,1,False
EICHERMOT,8965.0,1960.0,2809.0,404.0,False,1,False
EICHERMOT,9797.0,2203.0,2904.0,404.0,False,1,False
EICHERMOT,9154.0,1827.0,2183.0,404.0,False,1,False
EICHERMOT,8720.0,1347.0,1783.0,404.0,False,1,False
EICHERMOT,10298.0,1677.0,2178.0,404.0,False,1,False
EICHERMOT,14442.0,2914.0,3446.0,404.0,False,1,False
EICHERMOT,16536.0,4001.0,4329.0,404.0,False,1,False
GAIL,50974.0,4367.0,7427.0,19632.0,False,1,False
GAIL,61765.0,4786.0,7988.0,19632.0,False,1,False
GAIL,60557.0,3160.0,5631.0,19632.0,False,1,False
GAIL,52053.0,1874.0,4536.0,19632.0,False,1,False
GAIL,48552.0,3374.0,6021.0,19632.0,False,1,False
GAIL,54496.0,4805.0,7802.0,19632.0,False,1,False
GAIL,76190.0,6553.0,9938.0,19632.0,False,1,False
GAIL,72518.0,9515.0,9022.0,19632.0,False,1,False
GAIL,57372.0,6143.0,7245.0,19632.0,False,1,False
GAIL,92770.0,12304.0,15161.0,19632.0,False,1,False
GAIL,145668.0,5596.0,7500.0,19632.0,False,1,False
GAIL,133228.0,9903.0,14314.0,19632.0,False,1,False
GODREJCP,6412.0,845.0,995.0,3828.0,False,1,False
GODREJCP,7599.0,819.0,1169.0,3828.0,False,1,False
GODREJCP,8273.0,976.0,1379.0,3828.0,False,1,False
GODREJCP,8424.0,831.0,1657.0,3828.0,False,1,False
GODREJCP,9268.0,1308.0,1907.0,3828.0,False,1,False
GODREJCP,9847.0,1634.0,2084.0,3828.0,False,1,False
GODREJCP,10314.0,2342.0,2132.0,3828.0,False,1,False
GODREJCP,9911.0,1497.0,2154.0,3828.0,False,1,False
GODREJCP,11029.0,1721.0,2399.0,3828.0,False,1,False
GODREJCP,12276.0,1783.0,2409.0,3828.0,False,1,False
GODREJCP,13316.0,1702.0,2443.0,3828.0,False,1,False
GODREJCP,14096.0,-561.0,2957.0,3828.0,False,1,False
GRASIM,27909.0,3778.0,5924.0,158159.0,False,1,False
GRASIM,28331.0,2954.0,4915.0,158159.0,False,1,False
GRASIM,31734.0,2582.0,5144.0,158159.0,False,1,False
GRASIM,34487.0,3455.0,5911.0,158159.0,False,1,False
GRASIM,36068.0,4246.0,7387.0,158159.0,False,1,False
GRASIM,55894.0,3688.0,11612.0,158159.0,False,1,False
GRASIM,77200.0,2745.0,16640.0,158159.0,False,1,False
GRASIM,68252.0,6639.0,10373.0,158159.0,False,1,False
GRASIM,76404.0,6987.0,18635.0,158159.0,False,1,False
GRASIM,95701.0,11206.0,20431.0,158159.0,False,1,False
GRASIM,117627.0,11078.0,21589.0,158159.0,False,1,False
GRASIM,130978.0,9926.0,27195.0,158159.0,False,1,False
HAL,14328.0,2997.0,768.0,124.0,False,1,False
HAL,15135.0,2693.0,1570.0,124.0,False,1,False
HAL,15730.0,2388.0,2351.0,124.0,False,1,False
HAL,16758.0,1998.0,2478.0,124.0,False,1,False
HAL,17950.0,2616.0,3236.0,124.0,False,1,False
HAL,18519.0,1987.0,3460.0,124.0,False,1,False
HAL,20008.0,2346.0,4569.0,124.0,False,1,False
HAL,21445.0,2842.0,4880.0,124.0,False,1,False
HAL,22882.0,3239.0,5341.0,124.0,False,1,False
HAL,24620.0,5086.0,5420.0,124.0,False,1,False
HAL,26928.0,5811.0,6669.0,124.0,False,1,False
HAL,30381.0,7595.0,9749.0,124.0,False,1,False
HAVELLS,7135.0,581.0,674.0,332.0,False,1,False
HAVELLS,8051.0,446.0,777.0,332.0,False,1,False
HAVELLS,8468.0,385.0,755.0,332.0,False,1,False
HAVELLS,7594.0,1300.0,796.0,332.0,False,1,False
HAVELLS,6130.0,494.0,815.0,332.0,False,1,False
HAVELLS,8116.0,661.0,1033.0,332.0,False,1,False
HAVELLS,10073.0,788.0,1189.0,332.0,False,1,False
HAVELLS,9440.0,735.0,1067.0,332.0,False,1,False
HAVELLS,10457.0,1044.0,1589.0,332.0,False,1,False
HAVELLS,13938.0,1196.0,1775.0,332.0,False,1,False
HAVELLS,16911.0,1072.0,1621.0,332.0,False,1,False
HAVELLS,18590.0,1271.0,1881.0,332.0,False,1,False
HCLTECH,25581.0,4040.0,5680.0,5791.0,False,1,False
HCLTECH,32144.0,6528.0,8035.0,5791.0,False,1,False
HCLTECH,36701.0,7342.0,8486.0,5791.0,False,1,False
HCLTECH,31136.0,5602.0,6654.0,5791.0,False,1,False
HCLTECH,47568.0,8606.0,10390.0,5791.0,False,1,False
HCLTECH,50569.0,8722.0,11246.0,5791.0,False,1,False
HCLTECH,60427.0,10120.0,13926.0,5791.0,False,1,False
HCLTECH,70676.0,11057.0,17316.0,5791.0,False,1,False
HCLTECH,75379.0,11169.0,20048.0,5791.0,False,1,False
HCLTECH,85651.0,13523.0,20529.0,5791.0,False,1,False
HCLTECH,101456.0,14845.0,22628.0,5791.0,False,1,False
HCLTECH,109913.0,15710.0,24198.0,5791.0,False,1,False
HDFCBANK,35861.0,6903.0,12631.0,3107503.0,False,-1,True
HDFCBANK,42555.0,8768.0,13508.0,3107503.0,False,-1,True
HDFCBANK,50666.0,10703.0,16164.0,3107503.0,False,-1,True
HDFCBANK,63162.0,12821.0,20055.0,3107503.0,False,-1,True
HDFCBANK,73271.0,15317.0,23856.0,3107503.0,False,-1,True
HDFCBANK,85288.0,18561.0,29532.0,3107503.0,False,-1,True
HDFCBANK,105161.0,22446.0,34856.0,3107503.0,False,-1,True
HDFCBANK,122189.0,27296.0,45459.0,3107503.0,False,-1,True
HDFCBANK,128552.0,31857.0,52457.0,3107503.0,False,-1,True
HDFCBANK,135936.0,38151.0,56557.0,3107503.0,True,-1,True
HDFCBANK,170754.0,46149.0,63042.0,3107503.0,True,-1,True
HDFCBANK,283649.0,65446.0,174196.0,3107503.0,True,-1,True
HDFCLIFE,14060.0,447.0,13535.0,950.0,False,1,False
HDFCLIFE,17166.0,725.0,16561.0,950.0,False,1,False
HDFCLIFE,27215.0,786.0,26341.0,950.0,False,1,False
HDFCLIFE,18141.0,817.0,17187.0,950.0,False,1,False
HDFCLIFE,30647.0,887.0,29674.0,950.0,False,1,False
HDFCLIFE,32260.0,1107.0,31186.0,950.0,False,1,False
HDFCLIFE,38855.0,1278.0,37640.0,950.0,False,1,False
HDFCLIFE,29380.0,1297.0,28239.0,950.0,False,1,False
HDFCLIFE,71528.0,1361.0,70294.0,950.0,False,1,False
HDFCLIFE,67126.0,1327.0,66348.0,950.0,False,1,False
HDFCLIFE,70207.0,1368.0,70127.0,950.0,False,1,False
HDFCLIFE,101482.0,1574.0,100951.0,950.0,False,1,False
HEROMOTOCO,25275.0,2102.0,21722.0,588.0,False,1,False
HEROMOTOCO,27538.0,2364.0,24018.0,588.0,False,1,False
HEROMOTOCO,28457.0,3112.0,24033.0,588.0,False,1,False
HEROMOTOCO,28610.0,3546.0,24025.0,588.0,False,1,False
HEROMOTOCO,32458.0,3722.0,27124.0,588.0,False,1,False
HEROMOTOCO,33971.0,3466.0,28946.0,588.0,False,1,False
HEROMOTOCO,29254.0,3659.0,25184.0,588.0,False,1,False
HEROMOTOCO,30959.0,2936.0,26902.0,588.0,False,1,False
HEROMOTOCO,29551.0,2329.0,26295.0,588.0,False,1,False
HEROMOTOCO,34158.0,2800.0,30060.0,588.0,False,1,False
HEROMOTOCO,37789.0,3742.0,32554.0,588.0,False,1,False
HINDALCO,80193.0,3007.0,72494.0,60959.0,False,1,False
HINDALCO,87695.0,2195.0,79671.0,60959.0,False,1,False
HINDALCO,104281.0,259.0,95437.0,60959.0,False,1,False
HINDALCO,98759.0,-702.0,90981.0,60959.0,False,1,False
HINDALCO,100184.0,1882.0,87867.0,60959.0,False,1,False
HINDALCO,115183.0,6083.0,101488.0,60959.0,False,1,False
HINDALCO,130542.0,5495.0,115031.0,60959.0,False,1,False
HINDALCO,118144.0,3767.0,103838.0,60959.0,False,1,False
HINDALCO,132008.0,3483.0,114449.0,60959.0,False,1,False
HINDALCO,195059.0,13730.0,166712.0,60959.0,False,-1,True
HINDALCO,223202.0,10097.0,200536.0,60959.0,False,-1,True
HINDALCO,215962.0,10155.0,192090.0,60959.0,False,-1,True
HINDUNILVR,27004.0,3839.0,22784.0,1651.0,False,1,False
HINDUNILVR,29234.0,3956.0,24475.0,1651.0,False,1,False
HINDUNILVR,31972.0,4376.0,26560.0,1651.0,False,1,False
HINDUNILVR,32186.0,4151.0,26276.0,1651.0,False,1,False
HINDUNILVR,33162.0,4490.0,26834.0,1651.0,False,1,False
HINDUNILVR,35545.0,5227.0,28046.0,1651.0,False,1,False
HINDUNILVR,39310.0,6060.0,30430.0,1651.0,False,1,False
HINDUNILVR,39783.0,6756.0,29922.0,1651.0,False,1,False
HINDUNILVR,47028.0,7999.0,35402.0,1651.0,False,1,False
HINDUNILVR,52446.0,8892.0,39589.0,1651.0,False,1,False
HINDUNILVR,60580.0,10143.0,46433.0,1651.0,False,1,False
HINDUNILVR,61896.0,10282.0,47237.0,1651.0,False,1,False
ICICIBANK,44885.0,10130.0,31684.0,1651008.0,False,1,False
ICICIBANK,49479.0,11677.0,32852.0,1651008.0,False,1,False
ICICIBANK,54964.0,12942.0,38766.0,1651008.0,False,1,False
ICICIBANK,59294.0,10927.0,52252.0,1651008.0,False,1,False
ICICIBANK,60940.0,11340.0,63841.0,1651008.0,False,1,False
ICICIBANK,62162.0,9100.0,72806.0,1651008.0,False,-1,True
ICICIBANK,71982.0,5689.0,83775.0,1651008.0,False,-1,True
ICICIBANK,84836.0,11225.0,85361.0,1651008.0,False,-1,True
ICICIBANK,89163.0,20364.0,91309.0,1651008.0,False,-1,True
ICICIBANK,95407.0,26538.0,80798.0,1651008.0,False,-1,True
ICICIBANK,121067.0,35461.0,87864.0,1651008.0,False,-1,True
ICICIBANK,159516.0,46081.0,99560.0,1651008.0,True,-1,True
ICICIGI,4012.0,353.0,4191.0,35.0,False,1,False
ICICIGI,4352.0,520.0,4578.0,35.0,False,1,False
ICICIGI,4234.0,585.0,4456.0,35.0,False,1,False
ICICIGI,6033.0,507.0,5269.0,35.0,False,1,False
ICICIGI,7520.0,702.0,6601.0,35.0,False,1,False
ICICIGI,6912.0,862.0,7174.0,35.0,False,1,False
ICICIGI,11163.0,1049.0,9494.0,35.0,False,1,False
ICICIGI,11517.0,1194.0,9745.0,35.0,False,1,False
ICICIGI,12161.0,1473.0,10090.0,35.0,False,1,False
ICICIGI,16026.0,1271.0,15010.0,35.0,False,1,False
ICICIGI,17876.0,1729.0,16612.0,35.0,False,1,False
ICICIGI,20487.0,1919.0,17910.0,35.0,False,1,False
ICICIPRULI,20025.0,1515.0,19280.0,0.0,False,1,False
ICICIPRULI,21888.0,1561.0,20384.0,0.0,False,1,False
ICICIPRULI,34453.0,1640.0,32798.0,0.0,False,1,False
ICICIPRULI,20849.0,1650.0,19008.0,0.0,False,1,False
ICICIPRULI,37816.0,1682.0,36010.0,0.0,False,1,False
ICICIPRULI,38832.0,1619.0,37062.0,0.0,False,1,False
ICICIPRULI,41463.0,1139.0,40922.0,0.0,False,1,False
ICICIPRULI,21025.0,1067.0,21344.0,0.0,False,1,False
ICICIPRULI,83182.0,956.0,83572.0,0.0,False,1,False
ICICIPRULI,63564.0,759.0,65728.0,0.0,False,1,False
ICICIPRULI,50478.0,813.0,52235.0,0.0,False,1,False
ICICIPRULI,90307.0,851.0,92136.0,0.0,False,1,False
INDUSINDBK,6983.0,1061.0,1947.0,432404.0,False,1,False
INDUSINDBK,8254.0,1408.0,2555.0,432404.0,False,1,False
INDUSINDBK,9692.0,1794.0,3133.0,432404.0,False,1,False
INDUSINDBK,11872.0,2286.0,4188.0,432404.0,False,1,False
INDUSINDBK,14406.0,2868.0,5684.0,432404.0,False,1,False
INDUSINDBK,17281.0,3606.0,6555.0,432404.0,False,1,False
INDUSINDBK,22261.0,3301.0,9283.0,432404.0,False,1,False
INDUSINDBK,28783.0,4418.0,12611.0,432404.0,False,1,False
INDUSINDBK,29000.0,2836.0,15997.0,432404.0,False,1,False
INDUSINDBK,30822.0,4611.0,15840.0,432404.0,False,1,False
INDUSINDBK,36368.0,7390.0,15525.0,432404.0,False,1,False
INDUSINDBK,45748.0,8950.0,17638.0,432404.0,False,1,False
INFY,40352.0,9429.0,11538.0,8804.0,False,1,False
INFY,50133.0,10656.0,13390.0,8804.0,False,1,False
INFY,53319.0,12372.0,14883.0,8804.0,False,1,False
INFY,62441.0,13489.0,17079.0,8804.0,False,1,False
INFY,68484.0,14353.0,18604.0,8804.0,False,1,False
INFY,70522.0,16029.0,18822.0,8804.0,False,1,False
INFY,82675.0,15410.0,20170.0,8804.0,False,1,False
INFY,90791.0,16639.0,22267.0,8804.0,False,1,False
INFY,100472.0,19423.0,27889.0,8804.0,False,1,False
INFY,121641.0,22146.0,31491.0,8804.0,False,1,False
INFY,146767.0,24108.0,35130.0,8804.0,False,1,False
INFY,153670.0,26248.0,36425.0,8804.0,False,1,False
IOC,461780.0,3627.0,13861.0,163401.0,True,1,False
IOC,488345.0,6967.0,17222.0,163401.0,True,1,False
IOC,449507.0,4872.0,10575.0,163401.0,True,1,False
IOC,346045.0,12413.0,22038.0,163401.0,False,1,False
IOC,355379.0,20385.0,34149.0,163401.0,False,1,False
IOC,421492.0,22626.0,41658.0,163401.0,True,1,False
IOC,528158.0,17274.0,35262.0,163401.0,True,1,False
IOC,483763.0,-1876.0,16053.0,163401.0,True,1,False
IOC,363950.0,21762.0,39929.0,163401.0,False,1,False
IOC,589321.0,25727.0,47758.0,163401.0,True,-1,True
IOC,841756.0,11704.0,30683.0,163401.0,True,-1,True
IOC,776352.0,43161.0,75646.0,163401.0,True,-1,True
IRCTC,1059.0,131.0,152.0,42.0,False,1,False
IRCTC,1367.0,189.0,190.0,42.0,False,1,False
IRCTC,1520.0,229.0,314.0,42.0,False,1,False
IRCTC,1466.0,221.0,274.0,42.0,False,1,False
IRCTC,1870.0,309.0,383.0,42.0,False,1,False
IRCTC,2264.0,513.0,703.0,42.0,False,1,False
IRCTC,777.0,187.0,188.0,42.0,False,1,False
IRCTC,1879.0,660.0,874.0,42.0,False,1,False
IRCTC,3541.0,1006.0,1276.0,42.0,False,1,False
IRCTC,4270.0,1111.0,1466.0,42.0,False,1,False
IRFC,5550.0,522.0,5528.0,403111.0,False,1,False
IRFC,6197.0,701.0,6178.0,403111.0,False,1,False
IRFC,6939.0,758.0,6905.0,403111.0,False,1,False
IRFC,7507.0,849.0,7468.0,403111.0,False,1,False
IRFC,9047.0,934.0,9021.0,403111.0,False,1,False
IRFC,9267.0,2055.0,9229.0,403111.0,False,1,False
IRFC,11134.0,2255.0,11085.0,403111.0,False,1,False
IRFC,13421.0,3192.0,13355.0,403111.0,False,1,False
IRFC,15771.0,4416.0,15657.0,403111.0,False,1,False
IRFC,20299.0,6090.0,20177.0,403111.0,False,1,False
IRFC,23722.0,6167.0,23588.0,403111.0,False,1,False
IRFC,26645.0,6412.0,26513.0,403111.0,False,1,False
ITC,31618.0,7704.0,11221.0,304.0,False,1,False
ITC,35306.0,9001.0,13080.0,304.0,False,1,False
ITC,38817.0,9779.0,14252.0,304.0,False,1,False
ITC,39192.0,9501.0,14531.0,304.0,False,1,False
ITC,42768.0,10477.0,15470.0,304.0,False,1,False
ITC,43449.0,11493.0,16521.0,304.0,False,1,False
ITC,48340.0,12836.0,18537.0,304.0,False,1,False
ITC,49388.0,15593.0,19344.0,304.0,False,1,False
ITC,49257.0,13383.0,17065.0,304.0,False,1,False
ITC,60645.0,15503.0,20623.0,304.0,False,1,False
ITC,70919.0,19477.0,25704.0,304.0,False,1,False
ITC,70866.0,20751.0,26233.0,304.0,False,1,False
JINDALSTEL,19807.0,2952.0,6106.0,17266.0,False,1,False
JINDALSTEL,19286.0,1896.0,5799.0,17266.0,False,1,False
JINDALSTEL,19401.0,-1452.0,5464.0,17266.0,False,1,False
JINDALSTEL,19469.0,-3087.0,3437.0,17266.0,False,1,False
JINDALSTEL,21603.0,-2538.0,4709.0,17266.0,False,1,False
JINDALSTEL,33286.0,-1616.0,6469.0,17266.0,False,1,False
JINDALSTEL,46966.0,-2412.0,8412.0,17266.0,False,1,False
JINDALSTEL,37923.0,-400.0,6831.0,17266.0,False,1,False
JINDALSTEL,34579.0,4267.0,10933.0,17266.0,False,1,False
JINDALSTEL,51166.0,6766.0,15515.0,17266.0,False,1,False
JINDALSTEL,53212.0,3974.0,9942.0,17266.0,False,1,False
JINDALSTEL,50354.0,5943.0,10202.0,17266.0,False,1,False
JIOFIN,45.0,31.0,39.0,0.0,False,1,False
JIOFIN,1855.0,1605.0,1559.0,0.0,False,1,False
JSWENERGY,8870.0,901.0,2801.0,30853.0,False,1,False
JSWENERGY,8648.0,760.0,3255.0,30853.0,False,1,False
JSWENERGY,9347.0,1358.0,3624.0,30853.0,False,1,False
JSWENERGY,9824.0,1460.0,4029.0,30853.0,False,1,False
JSWENERGY,8263.0,623.0,3324.0,30853.0,False,1,False
JSWENERGY,8049.0,85.0,2713.0,30853.0,False,1,False
JSWENERGY,9138.0,684.0,2855.0,30853.0,False,1,False
JSWENERGY,8273.0,1081.0,2957.0,30853.0,False,1,False
JSWENERGY,6922.0,823.0,2913.0,30853.0,False,1,False
JSWENERGY,8167.0,1743.0,3572.0,30853.0,False,1,False
JSWENERGY,10332.0,1480.0,3282.0,30853.0,False,1,False
JSWENERGY,11486.0,1725.0,5382.0,30853.0,False,1,False
JSWSTEEL,38210.0,929.0,6512.0,87984.0,False,1,False
JSWSTEEL,51220.0,402.0,9169.0,87984.0,False,1,False
JSWSTEEL,52972.0,1722.0,9364.0,87984.0,False,1,False
JSWSTEEL,41546.0,-481.0,6422.0,87984.0,False,1,False
JSWSTEEL,55604.0,3467.0,12308.0,87984.0,False,1,False
JSWSTEEL,71933.0,6113.0,14916.0,87984.0,False,1,False
JSWSTEEL,84757.0,7524.0,18930.0,87984.0,False,1,False
JSWSTEEL,73326.0,3919.0,11813.0,87984.0,False,1,False
JSWSTEEL,79839.0,7873.0,20178.0,87984.0,False,1,False
JSWSTEEL,146371.0,20938.0,39114.0,87984.0,False,1,False
JSWSTEEL,165960.0,4139.0,18470.0,87984.0,False,1,False
JSWSTEEL,175006.0,8973.0,28157.0,87984.0,False,1,False
KOTAKBANK,10838.0,2238.0,6603.0,520374.0,False,1,False
KOTAKBANK,11986.0,2527.0,7053.0,520374.0,False,1,False
KOTAKBANK,13319.0,3105.0,9718.0,520374.0,False,1,False
KOTAKBANK,20402.0,3524.0,11541.0,520374.0,False,1,False
KOTAKBANK,22324.0,5019.0,14832.0,520374.0,False,1,False
KOTAKBANK,25131.0,6258.0,16805.0,520374.0,False,1,False
KOTAKBANK,29831.0,7204.0,19758.0,520374.0,False,1,False
KOTAKBANK,33474.0,8593.0,22578.0,520374.0,False,1,False
KOTAKBANK,32820.0,9990.0,29812.0,520374.0,False,1,False
KOTAKBANK,33741.0,12089.0,30699.0,520374.0,False,1,False
KOTAKBANK,42151.0,14925.0,33485.0,520374.0,False,1,False
KOTAKBANK,56237.0,18213.0,47052.0,520374.0,False,1,False
LICI,571508.0,2627.0,5920.0,10.0,True,1,False
LICI,628043.0,2710.0,-6947.0,10.0,True,-1,True
LICI,690914.0,2974.0,-252.0,10.0,True,-1,True
LICI,723606.0,4125.0,3326.0,10.0,True,-1,True
LICI,784628.0,35997.0,34207.0,10.0,True,-1,True
LICI,845966.0,40916.0,32779.0,10.0,True,-1,True
LODHA,2173.0,264.0,510.0,7990.0,False,1,False
LODHA,2954.0,381.0,724.0,7990.0,False,1,False
LODHA,6236.0,798.0,1467.0,7990.0,False,1,False
LODHA,8249.0,703.0,2126.0,7990.0,False,1,False
LODHA,7926.0,584.0,1614.0,7990.0,False,1,False
LODHA,9677.0,794.0,1682.0,7990.0,False,1,False
LODHA,11907.0,1644.0,3179.0,7990.0,False,1,False
LODHA,12443.0,742.0,1917.0,7990.0,False,1,False
LODHA,5449.0,48.0,1383.0,7990.0,False,1,False
LODHA,9233.0,1208.0,2186.0,7990.0,False,1,False
LODHA,9470.0,490.0,2064.0,7990.0,False,1,False
LODHA,10316.0,1554.0,2665.0,7990.0,False,1,False
LT,74426.0,5291.0,11394.0,2326.0,False,1,False
LT,85054.0,4885.0,14086.0,2326.0,False,1,False
LT,91929.0,4966.0,15684.0,2326.0,False,1,False
LT,101122.0,4592.0,15486.0,2326.0,False,1,False
LT,109312.0,6486.0,16620.0,2326.0,False,1,False
LT,119683.0,8004.0,20111.0,2326.0,False,1,False
LT,135220.0,10217.0,22866.0,2326.0,False,1,False
LT,145452.0,10894.0,24553.0,2326.0,False,1,False
LT,135979.0,12921.0,23460.0,2326.0,False,1,False
LT,156521.0,10419.0,24314.0,2326.0,False,1,False
LT,183341.0,12531.0,27166.0,2326.0,False,1,False
LT,221113.0,15547.0,29865.0,2326.0,False,1,False
LTIM,3851.0,562.0,870.0,2326.0,False,1,False
LTIM,4920.0,996.0,1147.0,2326.0,False,1,False
LTIM,4978.0,769.0,1005.0,2326.0,False,1,False
LTIM,5846.0,836.0,1028.0,2326.0,False,1,False
LTIM,6501.0,971.0,1230.0,2326.0,False,1,False
LTIM,7306.0,1112.0,1187.0,2326.0,False,1,False
LTIM,9446.0,1516.0,1883.0,2326.0,False,1,False
LTIM,10879.0,1520.0,2029.0,2326.0,False,1,False
LTIM,12370.0,1938.0,2725.0,2326.0,False,1,False
LTIM,26109.0,3950.0,5249.0,2326.0,False,1,False
LTIM,33183.0,4410.0,6108.0,2326.0,False,1,False
LTIM,35517.0,4585.0,6387.0,2326.0,False,1,False
M&M,68693.0,4129.0,9116.0,116844.0,False,1,False
M&M,74001.0,5154.0,10170.0,116844.0,False,1,False
M&M,71448.0,3381.0,8793.0,116844.0,False,1,False
M&M,75841.0,3554.0,10082.0,116844.0,False,1,False
M&M,83773.0,4051.0,10735.0,116844.0,False,1,False
M&M,92094.0,7958.0,13226.0,116844.0,False,1,False
M&M,104721.0,6017.0,15207.0,116844.0,False,1,False
M&M,75382.0,-321.0,10158.0,116844.0,False,1,False
M&M,74278.0,1512.0,11487.0,116844.0,False,1,False
M&M,90171.0,7253.0,14683.0,116844.0,False,1,False
M&M,121269.0,11374.0,20285.0,116844.0,False,1,False
M&M,139078.0,12270.0,24892.0,116844.0,False,1,False
MARUTI,44304.0,2470.0,4361.0,158.0,False,1,False
MARUTI,44542.0,2854.0,5310.0,158.0,False,1,False
MARUTI,50801.0,3809.0,6892.0,158.0,False,1,False
MARUTI,57589.0,5497.0,9024.0,158.0,False,1,False
MARUTI,68085.0,7511.0,10421.0,158.0,False,1,False
MARUTI,79809.0,7881.0,12118.0,158.0,False,1,False
MARUTI,86068.0,7651.0,11056.0,158.0,False,1,False
MARUTI,75660.0,5678.0,7355.0,158.0,False,1,False
MARUTI,70372.0,4389.0,5411.0,158.0,False,1,False
MARUTI,88330.0,3880.0,5752.0,158.0,False,1,False
MARUTI,118410.0,8264.0,13122.0,158.0,False,1,False
MARUTI,141858.0,13488.0,18626.0,158.0,False,1,False
MOTHERSON,25298.0,452.0,1480.0,19922.0,False,1,False
MOTHERSON,30414.0,1097.0,2397.0,19922.0,False,1,False
MOTHERSON,34661.0,1292.0,2844.0,19922.0,False,1,False
MOTHERSON,37216.0,1774.0,3548.0,19922.0,False,1,False
MOTHERSON,42376.0,2172.0,4171.0,19922.0,False,1,False
MOTHERSON,56303.0,2260.0,5128.0,19922.0,False,1,False
MOTHERSON,63523.0,2098.0,5348.0,19922.0,False,1,False
MOTHERSON,60729.0,1294.0,4654.0,19922.0,False,1,False
MOTHERSON,57370.0,1569.0,4370.0,19922.0,False,1,False
MOTHERSON,63774.0,1182.0,4714.0,19922.0,False,1,False
MOTHERSON,78788.0,1670.0,6251.0,19922.0,False,1,False
MOTHERSON,98692.0,3020.0,9322.0,19922.0,False,1,False
NAUKRI,472.0,76.0,121.0,256.0,False,1,False
NAUKRI,567.0,60.0,97.0,256.0,False,1,False
NAUKRI,732.0,-14.0,21.0,256.0,False,1,False
NAUKRI,748.0,118.0,91.0,256.0,False,1,False
NAUKRI,888.0,-43.0,-9.0,256.0,False,1,False
NAUKRI,988.0,501.0,219.0,256.0,False,1,False
NAUKRI,1151.0,592.0,9.0,256.0,False,1,False
NAUKRI,1312.0,-246.0,-350.0,256.0,False,1,False
NAUKRI,1128.0,1418.0,74.0,256.0,False,1,False
NAUKRI,1589.0,12882.0,446.0,256.0,False,1,False
NAUKRI,2346.0,-70.0,348.0,256.0,False,1,False
NAUKRI,2536.0,595.0,711.0,256.0,False,1,False
NESTLEIND,9101.0,1117.0,1948.0,370.0,False,1,False
NESTLEIND,9855.0,1185.0,2039.0,370.0,False,1,False
NESTLEIND,8175.0,563.0,1555.0,370.0,False,1,False
NESTLEIND,9141.0,1001.0,1850.0,370.0,False,1,False
NESTLEIND,10010.0,1225.0,2097.0,370.0,False,1,False
NESTLEIND,11292.0,1607.0,2618.0,370.0,False,1,False
NESTLEIND,12369.0,1968.0,2926.0,370.0,False,1,False
NESTLEIND,13350.0,2082.0,3202.0,370.0,False,1,False
NESTLEIND,14741.0,2118.0,3562.0,370.0,False,1,False
NESTLEIND,16897.0,2391.0,3706.0,370.0,False,1,False
NESTLEIND,19126.0,2999.0,4471.0,370.0,False,1,False
NESTLEIND,24394.0,3933.0,5813.0,370.0,False,1,False
NHPC,6381.0,2873.0,4152.0,34210.0,False,1,False
NHPC,7389.0,1633.0,4342.0,34210.0,False,1,False
NHPC,8221.0,2798.0,5134.0,34210.0,False,1,False
NHPC,8354.0,2365.0,4783.0,34210.0,False,1,False
NHPC,8623.0,3480.0,4884.0,34210.0,False,1,False
NHPC,7755.0,2785.0,4248.0,34210.0,False,1,False
NHPC,8983.0,2836.0,4981.0,34210.0,False,1,False
NHPC,10008.0,3345.0,5446.0,34210.0,False,1,False
NHPC,9648.0,3600.0,5277.0,34210.0,False,1,False
NHPC,9144.0,3774.0,4013.0,34210.0,False,1,False
NHPC,10607.0,4261.0,6184.0,34210.0,False,1,False
NHPC,9632.0,4028.0,4807.0,34210.0,False,1,False
NTPC,71518.0,12586.0,18149.0,242009.0,False,1,False
NTPC,78330.0,11403.0,19727.0,242009.0,False,1,False
NTPC,79957.0,9992.0,17352.0,242009.0,False,1,False
NTPC,73396.0,10781.0,18568.0,242009.0,False,1,False
NTPC,82042.0,10714.0,21598.0,242009.0,False,1,False
NTPC,88083.0,10502.0,22485.0,242009.0,False,1,False
NTPC,100287.0,14034.0,22710.0,242009.0,False,1,False
NTPC,109464.0,11902.0,31586.0,242009.0,False,1,False
NTPC,111531.0,14969.0,34044.0,242009.0,False,1,False
NTPC,132669.0,16960.0,40362.0,242009.0,False,1,False
NTPC,176207.0,17121.0,47596.0,242009.0,False,1,False
NTPC,178501.0,21332.0,51456.0,242009.0,False,1,False
ONGC,161984.0,23994.0,43501.0,191489.0,False,1,False
ONGC,174121.0,26665.0,49130.0,191489.0,False,1,False
ONGC,160923.0,17703.0,42312.0,191489.0,False,1,False
ONGC,124036.0,13102.0,39135.0,191489.0,False,1,False
ONGC,282506.0,29169.0,52804.0,191489.0,False,1,False
ONGC,322706.0,26068.0,56889.0,191489.0,False,1,False
ONGC,421624.0,33938.0,74819.0,191489.0,True,-1,True
ONGC,396728.0,11456.0,52105.0,191489.0,False,1,False
ONGC,303849.0,21360.0,49473.0,191489.0,False,1,False
ONGC,491246.0,49294.0,79874.0,191489.0,True,-1,True
ONGC,632291.0,32778.0,75527.0,191489.0,True,-1,True
ONGC,591396.0,57101.0,102835.0,191489.0,True,-1,True
PFC,17314.0,4438.0,5987.0,861961.0,False,1,False
PFC,21407.0,5462.0,7607.0,861961.0,False,1,False
PFC,24988.0,6004.0,8429.0,861961.0,False,1,False
PFC,27861.0,6184.0,9162.0,861961.0,False,1,False
PFC,27581.0,2236.0,5275.0,861961.0,False,1,False
PFC,48624.0,8797.0,11752.0,861961.0,False,1,False
PFC,54106.0,12640.0,17783.0,861961.0,False,1,False
PFC,62189.0,9477.0,14012.0,861961.0,False,1,False
PFC,71656.0,15716.0,19871.0,861961.0,False,1,False
PFC,76262.0,18768.0,23338.0,861961.0,False,1,False
PFC,77684.0,21179.0,26501.0,861961.0,False,1,False
PFC,91508.0,26461.0,33573.0,861961.0,False,1,False
PIDILITIND,3678.0,424.0,558.0,379.0,False,1,False
PIDILITIND,4283.0,450.0,672.0,379.0,False,1,False
PIDILITIND,4844.0,514.0,771.0,379.0,False,1,False
PIDILITIND,5361.0,807.0,1173.0,379.0,False,1,False
PIDILITIND,5617.0,863.0,1262.0,379.0,False,1,False
PIDILITIND,6078.0,966.0,1341.0,379.0,False,1,False
PIDILITIND,7078.0,928.0,1371.0,379.0,False,1,False
PIDILITIND,7294.0,1122.0,1576.0,379.0,False,1,False
PIDILITIND,7293.0,1126.0,1686.0,379.0,False,1,False
PIDILITIND,9921.0,1207.0,1856.0,379.0,False,1,False
PIDILITIND,11799.0,1289.0,1986.0,379.0,False,1,False
PIDILITIND,12383.0,1747.0,2708.0,379.0,False,1,False
PNB,43071.0,5020.0,,55017.0,False,1,False
PNB,44958.0,3674.0,,55017.0,False,1,False
PNB,48710.0,3525.0,,55017.0,False,1,False
PNB,50804.0,-3510.0,,55017.0,False,1,False
PNB,48058.0,1239.0,,55017.0,False,1,False
PNB,48725.0,-12111.0,,55017.0,False,1,False
PNB,52147.0,-9550.0,,55017.0,False,1,False
PNB,54918.0,485.0,,55017.0,False,1,False
PNB,81935.0,2695.0,,55017.0,False,1,False
PNB,76242.0,3908.0,,55017.0,False,1,False
PNB,86845.0,3359.0,,55017.0,False,1,False
PNB,109065.0,9157.0,,55017.0,False,1,False
POWERGRID,13081.0,4313.0,10837.0,122568.0,False,1,False
POWERGRID,15555.0,4548.0,12967.0,122568.0,False,1,False
POWERGRID,17540.0,5046.0,14927.0,122568.0,False,1,False
POWERGRID,20652.0,5959.0,18184.0,122568.0,False,1,False
POWERGRID,25697.0,7451.0,22450.0,122568.0,False,1,False
POWERGRID,29954.0,8204.0,25961.0,122568.0,False,1,False
POWERGRID,35059.0,10034.0,26920.0,122568.0,False,1,False
POWERGRID,37744.0,11059.0,32886.0,122568.0,False,1,False
POWERGRID,39640.0,12036.0,34906.0,122568.0,False,1,False
POWERGRID,41622.0,16824.0,35826.0,122568.0,False,1,False
POWERGRID,45603.0,15420.0,39576.0,122568.0,False,1,False
POWERGRID,45843.0,15573.0,39826.0,122568.0,False,1,False
RECLTD,13634.0,3833.0,13270.0,483617.0,False,1,False
RECLTD,17223.0,4741.0,16650.0,483617.0,False,1,False
RECLTD,20544.0,5344.0,19395.0,483617.0,False,1,False
RECLTD,24125.0,5691.0,22445.0,483617.0,False,1,False
RECLTD,24338.0,6313.0,22450.0,483617.0,False,1,False
RECLTD,22658.0,4451.0,19279.0,483617.0,False,1,False
RECLTD,25408.0,5741.0,23705.0,483617.0,False,1,False
RECLTD,29942.0,4972.0,25961.0,483617.0,False,1,False
RECLTD,35557.0,8378.0,32265.0,483617.0,False,1,False
RECLTD,39276.0,10036.0,34438.0,483617.0,False,1,False
RECLTD,39486.0,11167.0,37628.0,483617.0,False,1,False
RECLTD,47517.0,14145.0,47883.0,483617.0,False,1,False
RELIANCE,395957.0,20886.0,33155.0,357525.0,False,1,False
RELIANCE,433521.0,22548.0,34935.0,357525.0,True,1,False
RELIANCE,374372.0,23640.0,37449.0,357525.0,False,1,False
RELIANCE,272583.0,29861.0,41781.0,357525.0,False,1,False
RELIANCE,303954.0,29833.0,46307.0,357525.0,False,-1,True
RELIANCE,390823.0,36080.0,64315.0,357525.0,True,-1,True
RELIANCE,568337.0,39837.0,84250.0,357525.0,True,-1,True
RELIANCE,596679.0,39880.0,89266.0,357525.0,True,-1,True
RELIANCE,466307.0,53739.0,80790.0,357525.0,True,-1,True
RELIANCE,694673.0,67845.0,108581.0,357525.0,True,-1,True
RELIANCE,876396.0,74088.0,142318.0,357525.0,True,-1,True
RELIANCE,899041.0,79020.0,162498.0,357525.0,True,-1,True
SBILIFE,14870.0,630.0,427.0,0.0,False,1,False
SBILIFE,17258.0,728.0,511.0,0.0,False,1,False
SBILIFE,23399.0,815.0,794.0,0.0,False,1,False
SBILIFE,19324.0,844.0,920.0,0.0,False,1,False
SBILIFE,30548.0,955.0,1068.0,0.0,False,1,False
SBILIFE,34068.0,1150.0,1332.0,0.0,False,1,False
SBILIFE,44604.0,1327.0,1474.0,0.0,False,1,False
SBILIFE,43798.0,1422.0,1351.0,0.0,False,1,False
SBILIFE,81913.0,1456.0,872.0,0.0,False,1,False
SBILIFE,82983.0,1506.0,730.0,0.0,False,1,False
SBILIFE,80636.0,1721.0,122.0,0.0,False,1,False
SBILIFE,131988.0,1894.0,246.0,0.0,False,1,False
SBIN,167976.0,18555.0,-5124.0,,False,1,False
SBIN,189062.0,14807.0,-14614.0,,False,1,False
SBIN,207974.0,17832.0,-21879.0,,False,1,False
SBIN,220633.0,13019.0,-32399.0,,False,1,False
SBIN,230447.0,-97.0,-64334.0,,False,1,False
SBIN,228970.0,-3749.0,-86697.0,,False,-1,True
SBIN,253322.0,3351.0,-68649.0,,False,1,False
SBIN,269852.0,21140.0,-64181.0,,False,-1,True
SBIN,278115.0,23888.0,-70715.0,,False,-1,True
SBIN,289973.0,37183.0,-63570.0,,True,-1,True
SBIN,350845.0,57750.0,-43439.0,,True,-1,True
SBIN,439189.0,69543.0,-60297.0,,True,-1,True
SHREECEM,5418.0,1004.0,1561.0,1682.0,False,1,False
SHREECEM,5715.0,787.0,1390.0,1682.0,False,1,False
SHREECEM,6259.0,426.0,1344.0,1682.0,False,1,False
SHREECEM,5514.0,1143.0,1407.0,1682.0,False,1,False
SHREECEM,8594.0,1339.0,2513.0,1682.0,False,1,False
SHREECEM,9833.0,1384.0,2473.0,1682.0,False,1,False
SHREECEM,12555.0,1015.0,2797.0,1682.0,False,1,False
SHREECEM,12868.0,1544.0,3771.0,1682.0,False,1,False
SHREECEM,13560.0,2337.0,4091.0,1682.0,False,1,False
SHREECEM,15010.0,1269.0,3710.0,1682.0,False,1,False
SHREECEM,17852.0,2369.0,2960.0,1682.0,False,1,False
SHREECEM,20521.0,1733.0,4518.0,1682.0,False,1,False
SHRIRAMFIN,7009.0,1463.0,2179.0,207820.0,False,1,False
SHRIRAMFIN,8476.0,1358.0,1999.0,207820.0,False,1,False
SHRIRAMFIN,9177.0,1028.0,1691.0,207820.0,False,1,False
SHRIRAMFIN,10359.0,1184.0,1824.0,207820.0,False,1,False
SHRIRAMFIN,10903.0,1266.0,1972.0,207820.0,False,1,False
SHRIRAMFIN,13502.0,2549.0,3805.0,207820.0,False,1,False
SHRIRAMFIN,15536.0,2576.0,3801.0,207820.0,False,1,False
SHRIRAMFIN,16561.0,2512.0,3565.0,207820.0,False,1,False
SHRIRAMFIN,17422.0,2499.0,3402.0,207820.0,False,1,False
SHRIRAMFIN,19255.0,2721.0,3666.0,207820.0,False,1,False
SHRIRAMFIN,30492.0,6020.0,8799.0,207820.0,False,1,False
SHRIRAMFIN,36388.0,7399.0,10523.0,207820.0,False,1,False
SIEMENS,11955.0,868.0,1171.0,279.0,False,1,False
SIEMENS,10678.0,603.0,119.0,279.0,False,1,False
SIEMENS,10563.0,1174.0,998.0,279.0,False,1,False
SIEMENS,10837.0,2914.0,1021.0,279.0,False,1,False
SIEMENS,11065.0,1137.0,1056.0,279.0,False,1,False
SIEMENS,12795.0,901.0,1327.0,279.0,False,1,False
SIEMENS,13084.0,1099.0,1490.0,279.0,False,1,False
SIEMENS,9946.0,769.0,1003.0,279.0,False,1,False
SIEMENS,13198.0,1089.0,1452.0,279.0,False,1,False
SIEMENS,16138.0,1543.0,1860.0,279.0,False,1,False
SIEMENS,19554.0,1962.0,2487.0,279.0,False,1,False
SIEMENS,22240.0,2718.0,3104.0,279.0,False,1,False
SUNPHARMA,11131.0,3469.0,4784.0,2572.0,False,1,False
SUNPHARMA,16080.0,3879.0,7003.0,2572.0,False,1,False
SUNPHARMA,27392.0,5476.0,7894.0,2572.0,False,1,False
SUNPHARMA,28487.0,5658.0,8174.0,2572.0,False,1,False
SUNPHARMA,31578.0,7846.0,10102.0,2572.0,False,1,False
SUNPHARMA,26489.0,2542.0,5631.0,2572.0,False,1,False
SUNPHARMA,29066.0,3208.0,6377.0,2572.0,False,1,False
SUNPHARMA,32838.0,4172.0,6983.0,2572.0,False,1,False
SUNPHARMA,33498.0,2272.0,8470.0,2572.0,False,1,False
SUNPHARMA,38654.0,3389.0,10258.0,2572.0,False,1,False
SUNPHARMA,43886.0,8513.0,11650.0,2572.0,False,1,False
SUNPHARMA,48497.0,9610.0,13018.0,2572.0,False,1,False
TATACONSUM,7351.0,445.0,770.0,2955.0,False,1,False
TATACONSUM,7738.0,510.0,752.0,2955.0,False,1,False
TATACONSUM,7993.0,273.0,792.0,2955.0,False,1,False
TATACONSUM,6637.0,-37.0,366.0,2955.0,False,1,False
TATACONSUM,6780.0,455.0,791.0,2955.0,False,1,False
TATACONSUM,6815.0,556.0,839.0,2955.0,False,1,False
TATACONSUM,7252.0,457.0,786.0,2955.0,False,1,False
TATACONSUM,9637.0,460.0,1292.0,2955.0,False,1,False
TATACONSUM,11602.0,930.0,1544.0,2955.0,False,1,False
TATACONSUM,12425.0,1015.0,1719.0,2955.0,False,1,False
TATACONSUM,13783.0,1320.0,1856.0,2955.0,False,1,False
TATACONSUM,15206.0,1215.0,2284.0,2955.0,False,1,False
TATAMOTORS,188793.0,9976.0,24596.0,106549.0,False,1,False
TATAMOTORS,232834.0,14050.0,34853.0,106549.0,False,1,False
TATAMOTORS,263159.0,14073.0,39239.0,106549.0,False,1,False
TATAMOTORS,273046.0,11678.0,38395.0,106549.0,False,1,False
TATAMOTORS,269693.0,7557.0,29589.0,106549.0,False,1,False
TATAMOTORS,291550.0,9091.0,31458.0,106549.0,False,1,False
TATAMOTORS,301938.0,-28724.0,24664.0,106549.0,True,-1,True
TATAMOTORS,261068.0,-11975.0,17987.0,106549.0,False,1,False
TATAMOTORS,249795.0,-13395.0,32287.0,106549.0,False,1,False
TATAMOTORS,278454.0,-11309.0,24720.0,106549.0,False,1,False
TATAMOTORS,345967.0,2690.0,31816.0,106549.0,False,1,False
TATAMOTORS,437928.0,31807.0,59538.0,106549.0,True,-1,True
TATAPOWER,33177.0,123.0,5595.0,58314.0,False,1,False
TATAPOWER,35726.0,12.0,6916.0,58314.0,False,1,False
TATAPOWER,33593.0,457.0,6301.0,58314.0,False,1,False
TATAPOWER,29494.0,786.0,2105.0,58314.0,False,1,False
TATAPOWER,27588.0,1100.0,5473.0,58314.0,False,1,False
TATAPOWER,26840.0,2611.0,2295.0,58314.0,False,1,False
TATAPOWER,29881.0,2606.0,3070.0,58314.0,False,1,False
TATAPOWER,29136.0,1316.0,6805.0,58314.0,False,1,False
TATAPOWER,32703.0,1439.0,6921.0,58314.0,False,1,False
TATAPOWER,42816.0,2156.0,7031.0,58314.0,False,1,False
TATAPOWER,55109.0,3810.0,7728.0,58314.0,False,1,False
TATAPOWER,61449.0,4280.0,10735.0,58314.0,False,1,False
TATASTEEL,134712.0,-7272.0,3965.0,99392.0,False,1,False
TATASTEEL,148614.0,3665.0,16184.0,99392.0,False,1,False
TATASTEEL,139504.0,-3939.0,3409.0,99392.0,False,1,False
TATASTEEL,101965.0,-497.0,-625.0,99392.0,False,1,False
TATASTEEL,112299.0,-4169.0,13144.0,99392.0,False,1,False
TATASTEEL,123249.0,17743.0,21433.0,99392.0,False,1,False
TATASTEEL,157669.0,9122.0,29318.0,99392.0,False,1,False
TATASTEEL,139817.0,1174.0,17463.0,99392.0,False,1,False
TATASTEEL,156294.0,8190.0,30504.0,99392.0,False,1,False
TATASTEEL,243959.0,41749.0,63490.0,99392.0,True,-1,True
TATASTEEL,243353.0,8075.0,32300.0,99392.0,False,1,False
TATASTEEL,229171.0,-4910.0,22248.0,99392.0,False,1,False
TCS,62989.0,14076.0,18040.0,9046.0,False,1,False
TCS,81809.0,19332.0,25153.0,9046.0,False,1,False
TCS,94648.0,20060.0,24482.0,9046.0,False,1,False
TCS,108646.0,24338.0,30677.0,9046.0,False,1,False
TCS,117966.0,26357.0,32311.0,9046.0,False,1,False
TCS,123104.0,25880.0,32516.0,9046.0,False,1,False
TCS,146463.0,31562.0,39506.0,9046.0,False,1,False
TCS,156949.0,32447.0,42109.0,9046.0,False,1,False
TCS,164177.0,32562.0,46546.0,9046.0,False,1,False
TCS,191754.0,38449.0,53057.0,9046.0,True,1,False
TCS,225458.0,42303.0,59259.0,9046.0,True,-1,True
TCS,240893.0,46099.0,64296.0,9046.0,True,-1,True
TECHM,6873.0,1307.0,1422.0,2035.0,False,1,False
TECHM,18802.0,3062.0,4172.0,2035.0,False,1,False
TECHM,22621.0,2659.0,4193.0,2035.0,False,1,False
TECHM,26494.0,3027.0,4260.0,2035.0,False,1,False
TECHM,29141.0,2851.0,4184.0,2035.0,False,1,False
TECHM,30773.0,3786.0,4710.0,2035.0,False,1,False
TECHM,34742.0,4289.0,6271.0,2035.0,False,1,False
TECHM,36868.0,3897.0,5503.0,2035.0,False,1,False
TECHM,37855.0,4353.0,6796.0,2035.0,False,1,False
TECHM,44646.0,5630.0,8020.0,2035.0,False,1,False
TECHM,53290.0,4857.0,7763.0,2035.0,False,1,False
TECHM,51996.0,2397.0,4506.0,2035.0,False,1,False
TITAN,10123.0,725.0,1014.0,21648.0,False,1,False
TITAN,10927.0,735.0,1047.0,21648.0,False,1,False
TITAN,11913.0,816.0,1153.0,21648.0,False,1,False
TITAN,11276.0,675.0,939.0,21648.0,False,1,False
TITAN,13261.0,697.0,1164.0,21648.0,False,1,False
TITAN,16120.0,1102.0,1644.0,21648.0,False,1,False
TITAN,19779.0,1389.0,1994.0,21648.0,False,1,False
TITAN,21052.0,1493.0,2463.0,21648.0,False,1,False
TITAN,21644.0,974.0,1725.0,21648.0,False,1,False
TITAN,28799.0,2198.0,3344.0,21648.0,False,1,False
TITAN,40575.0,3274.0,4882.0,21648.0,False,1,False
TITAN,51084.0,3496.0,5292.0,21648.0,False,1,False
TORNTPHARM,3203.0,435.0,697.0,3128.0,False,1,False
TORNTPHARM,4172.0,664.0,955.0,3128.0,False,1,False
TORNTPHARM,4636.0,751.0,1020.0,3128.0,False,1,False
TORNTPHARM,6687.0,1733.0,2733.0,3128.0,False,1,False
TORNTPHARM,5816.0,934.0,1377.0,3128.0,False,1,False
TORNTPHARM,5950.0,678.0,1349.0,3128.0,False,1,False
TORNTPHARM,7673.0,436.0,1983.0,3128.0,False,1,False
TORNTPHARM,7939.0,1025.0,2170.0,3128.0,False,1,False
TORNTPHARM,8005.0,1252.0,2480.0,3128.0,False,1,False
TORNTPHARM,8508.0,777.0,2431.0,3128.0,False,1,False
TORNTPHARM,9620.0,1245.0,2842.0,3128.0,False,1,False
TORNTPHARM,10728.0,1656.0,3368.0,3128.0,False,1,False
TRENT,2132.0,-27.0,5.0,1842.0,False,1,False
TRENT,2333.0,-19.0,-10.0,1842.0,False,1,False
TRENT,2284.0,129.0,88.0,1842.0,False,1,False
TRENT,1812.0,85.0,134.0,1842.0,False,1,False
TRENT,2157.0,87.0,208.0,1842.0,False,1,False
TRENT,2630.0,95.0,241.0,1842.0,False,1,False
TRENT,3486.0,106.0,529.0,1842.0,False,1,False
TRENT,2593.0,-181.0,114.0,1842.0,False,1,False
TRENT,4498.0,35.0,595.0,1842.0,False,1,False
TRENT,8242.0,394.0,1114.0,1842.0,False,1,False
TRENT,12375.0,1477.0,1971.0,1842.0,False,1,False
TVSMOTOR,7510.0,198.0,438.0,14619.0,False,1,False
TVSMOTOR,8384.0,187.0,492.0,14619.0,False,1,False
TVSMOTOR,10256.0,328.0,605.0,14619.0,False,1,False
TVSMOTOR,11377.0,429.0,819.0,14619.0,False,1,False
TVSMOTOR,12463.0,509.0,871.0,14619.0,False,1,False
TVSMOTOR,16340.0,665.0,1571.0,14619.0,False,1,False
TVSMOTOR,20160.0,725.0,2163.0,14619.0,False,1,False
TVSMOTOR,18849.0,647.0,2264.0,14619.0,False,1,False
TVSMOTOR,19421.0,608.0,2232.0,14619.0,False,1,False
TVSMOTOR,24355.0,731.0,2755.0,14619.0,False,1,False
TVSMOTOR,31974.0,1309.0,4027.0,14619.0,False,1,False
TVSMOTOR,39145.0,1779.0,5500.0,14619.0,False,1,False
ULTRACEMCO,20514.0,2688.0,4839.0,16964.0,False,1,False
ULTRACEMCO,20730.0,2213.0,4035.0,16964.0,False,1,False
ULTRACEMCO,23306.0,2102.0,4425.0,16964.0,False,1,False
ULTRACEMCO,25153.0,2480.0,4901.0,16964.0,False,1,False
ULTRACEMCO,25375.0,2714.0,5212.0,16964.0,False,1,False
ULTRACEMCO,30979.0,2224.0,6145.0,16964.0,False,1,False
ULTRACEMCO,41462.0,2400.0,7347.0,16964.0,False,1,False
ULTRACEMCO,42430.0,5751.0,9246.0,16964.0,False,1,False
ULTRACEMCO,44726.0,5462.0,11568.0,16964.0,False,1,False
ULTRACEMCO,52599.0,7334.0,11514.0,16964.0,False,1,False
ULTRACEMCO,63240.0,5073.0,10620.0,16964.0,False,1,False
ULTRACEMCO,70908.0,7004.0,12969.0,16964.0,False,1,False
UNIONBANK,25169.0,2146.0,325.0,1251568.0,False,1,False
UNIONBANK,29394.0,1687.0,-902.0,1251568.0,False,1,False
UNIONBANK,32164.0,1771.0,-973.0,1251568.0,False,1,False
UNIONBANK,32316.0,1347.0,-1928.0,1251568.0,False,1,False
UNIONBANK,32817.0,573.0,-4830.0,1251568.0,False,1,False
UNIONBANK,32952.0,-5212.0,-11700.0,1251568.0,False,1,False
UNIONBANK,34314.0,-2922.0,-8601.0,1251568.0,False,1,False
UNIONBANK,37479.0,-3121.0,-9523.0,1251568.0,False,1,False
UNIONBANK,69311.0,2863.0,-11071.0,1251568.0,False,1,False
UNIONBANK,68230.0,5265.0,-4213.0,1251568.0,False,1,False
UNIONBANK,81163.0,8512.0,-3024.0,1251568.0,False,1,False
UNIONBANK,100376.0,13797.0,4590.0,1251568.0,False,1,False
UNITDSPR,10378.0,-105.0,1091.0,518.0,False,1,False
UNITDSPR,10508.0,-4489.0,-3368.0,518.0,False,1,False
UNITDSPR,9254.0,-1687.0,-366.0,518.0,False,1,False
UNITDSPR,8495.0,143.0,333.0,518.0,False,1,False
UNITDSPR,8818.0,93.0,991.0,518.0,False,1,False
UNITDSPR,8591.0,652.0,1209.0,518.0,False,1,False
UNITDSPR,9341.0,684.0,1394.0,518.0,False,1,False
UNITDSPR,9325.0,621.0,1569.0,518.0,False,1,False
UNITDSPR,8131.0,362.0,1051.0,518.0,False,1,False
UNITDSPR,9712.0,811.0,1595.0,518.0,False,1,False
UNITDSPR,10612.0,1126.0,1417.0,518.0,False,1,False
UNITDSPR,11321.0,1408.0,2000.0,518.0,False,1,False
VBL,1800.0,25.0,228.0,,False,1,False
VBL,2115.0,-40.0,291.0,,False,1,False
VBL,2502.0,-20.0,387.0,,False,1,False
VBL,3394.0,113.0,642.0,,False,1,False
VBL,3861.0,48.0,810.0,,False,1,False
VBL,4004.0,214.0,838.0,,False,1,False
VBL,5105.0,300.0,1036.0,,False,1,False
VBL,7130.0,472.0,1462.0,,False,1,False
VBL,6450.0,357.0,1215.0,,False,1,False
VBL,8823.0,746.0,1694.0,,False,1,False
VBL,13173.0,1550.0,2863.0,,False,1,False
VBL,16043.0,2102.0,3717.0,,False,1,False
VEDL,2749.0,2280.0,465.0,87706.0,False,1,False
VEDL,66152.0,11421.0,19595.0,87706.0,False,1,False
VEDL,73710.0,-11369.0,22114.0,87706.0,False,1,False
VEDL,64262.0,-17862.0,-18479.0,87706.0,False,1,False
VEDL,72225.0,11316.0,21376.0,87706.0,False,1,False
VEDL,91866.0,13692.0,24877.0,87706.0,False,1,False
VEDL,92048.0,9698.0,23171.0,87706.0,False,1,False
VEDL,84447.0,-4744.0,20743.0,87706.0,False,1,False
VEDL,88021.0,15032.0,27318.0,87706.0,False,1,False
VEDL,132732.0,23710.0,44824.0,87706.0,False,1,False
VEDL,147308.0,14503.0,34431.0,87706.0,False,1,False
VEDL,143727.0,7539.0,35312.0,87706.0,False,1,False
WIPRO,37430.0,6182.0,7657.0,19282.0,False,1,False
WIPRO,43424.0,7991.0,9635.0,19282.0,False,1,False
WIPRO,46951.0,8714.0,10299.0,19282.0,False,1,False
WIPRO,51244.0,8957.0,10796.0,19282.0,False,1,False
WIPRO,55448.0,8518.0,11321.0,19282.0,False,1,False
WIPRO,54487.0,8003.0,10387.0,19282.0,False,1,False
WIPRO,59019.0,9018.0,11613.0,19282.0,False,1,False
WIPRO,61138.0,9772.0,12342.0,19282.0,False,1,False
WIPRO,61935.0,10868.0,14771.0,19282.0,False,1,False
WIPRO,79312.0,12243.0,16684.0,19282.0,False,1,False
WIPRO,90488.0,11366.0,16839.0,19282.0,False,1,False
WIPRO,89760.0,11112.0,16752.0,19282.0,False,1,False
ZOMATO,466.0,-107.0,-92.0,1159.0,False,1,False
ZOMATO,1313.0,-1010.0,-2243.0,1159.0,False,1,False
ZOMATO,2605.0,-2386.0,-2305.0,1159.0,False,1,False
ZOMATO,1994.0,-816.0,-467.0,1159.0,False,1,False
ZOMATO,4192.0,-1222.0,-1851.0,1159.0,False,1,False
ZOMATO,7079.0,-971.0,-1211.0,1159.0,False,1,False
ZOMATO,12114.0,351.0,43.0,1159.0,False,1,False
ZYDUSLIFE,6358.0,690.0,1130.0,190.0,False,1,False
ZYDUSLIFE,7224.0,836.0,1203.0,190.0,False,1,False
ZYDUSLIFE,8651.0,1188.0,1756.0,190.0,False,1,False
ZYDUSLIFE,9427.0,1964.0,2332.0,190.0,False,1,False
ZYDUSLIFE,9376.0,1517.0,1902.0,190.0,False,1,False
ZYDUSLIFE,11905.0,1810.0,2831.0,190.0,False,1,False
ZYDUSLIFE,13166.0,1899.0,2991.0,190.0,False,1,False
ZYDUSLIFE,14253.0,1204.0,2798.0,190.0,False,1,False
ZYDUSLIFE,14404.0,2185.0,3391.0,190.0,False,1,False
ZYDUSLIFE,15110.0,4618.0,3342.0,190.0,False,1,False
ZYDUSLIFE,17237.0,2092.0,3860.0,190.0,False,1,False
ZYDUSLIFE,19547.0,3973.0,5384.0,190.0,False,1,False
INDIGO,9203.0,787.0,8348.0,20.0,False,1,False
INDIGO,11117.0,474.0,10684.0,20.0,False,1,False
INDIGO,13925.0,1304.0,12022.0,20.0,False,1,False
INDIGO,16140.0,1986.0,12976.0,20.0,False,1,False
INDIGO,18580.0,1659.0,16362.0,20.0,False,1,False
INDIGO,23021.0,2242.0,19991.0,20.0,False,1,False
INDIGO,28497.0,156.0,28648.0,20.0,False,1,False
INDIGO,35756.0,-248.0,31687.0,20.0,False,1,False
INDIGO,14641.0,-6171.0,14638.0,20.0,False,1,False
INDIGO,25931.0,-317.0,25373.0,20.0,False,1,False
INDIGO,54446.0,-317.0,47926.0,20.0,False,1,False
INDIGO,68904.0,8167.0,52573.0,20.0,False,1,False
