company_id,peers
ABB,"DIVISLAB, NAUKRI, ZYDUSLIFE, SUNPHARMA, EICHERMOT"
ADANIENSOL,"TVSMOTOR, ADANIENT, GRASIM, TATAPOWER, M&M"
ADANIENT,"TVSMOTOR, ADANIENSOL, TATAPOWER, GRASIM, TITAN"
ADANIGREEN,"INDUSINDBK, IRFC, UNIONBANK, PFC, RECLTD"
ADANIPORTS,"NHPC, POWERGRID, HAL, DLF, ADANIPOWER"
ADANIPOWER,"BEL, HAL, LODHA, EICHERMOT, SUNPHARMA"
AMBUJACEM,"BOSCHLTD, SIEMENS, UNITDSPR, LTIM, ASIANPAINT"
APOLLOHOSP,"TATAMOTORS, MOTHERSON, BPCL, IOC, JSWSTEEL"
ASIANPAINT,"DABUR, LTIM, SIEMENS, VBL, BOSCHLTD"
ATGL,"TRENT, DABUR, ASIANPAINT, LTIM, BAJAJ-AUTO"
AXISBANK,"CHOLAFIN, BANKBARODA, INDUSINDBK, IRFC, UNIONBANK"
BAJAJ-AUTO,"HCLTECH, DABUR, PIDILITIND, ASIANPAINT, SBIN"
BAJAJFINSV,"PNB, ADANIGREEN, INDUSINDBK, IRFC, UNIONBANK"
BAJAJHLDNG,"JIOFIN, DLF, POWERGRID, NHPC, ADANIPORTS"
BAJFINANCE,"COALINDIA, HINDALCO, HINDUNILVR, INDIGO, AXISBANK"
BANKBARODA,"UNIONBANK, INDUSINDBK, IRFC, PFC, ADANIGREEN"
BEL,"ADANIPOWER, LODHA, JSWENERGY, HAL, TORNTPHARM"
BHARTIARTL,"VEDL, TITAN, PNB, ADANIENT, TVSMOTOR"
BHEL,"GODREJCP, ONGC, ICICIPRULI, MOTHERSON, ZOMATO"
BOSCHLTD,"SIEMENS, AMBUJACEM, UNITDSPR, LTIM, ASIANPAINT"
BPCL,"MOTHERSON, IOC, APOLLOHOSP, BHEL, GODREJCP"
BRITANNIA,"RELIANCE, TRENT, JINDALSTEL, ONGC, ULTRACEMCO"
CANBK,"UNIONBANK, IRFC, ADANIGREEN, PFC, RECLTD"
CHOLAFIN,"AXISBANK, BANKBARODA, INDUSINDBK, UNIONBANK, ADANIGREEN"
CIPLA,"HEROMOTOCO, HINDUNILVR, INDIGO, ICICIGI, HINDALCO"
COALINDIA,"HINDALCO, HINDUNILVR, INDIGO, BAJFINANCE, CIPLA"
DABUR,"ASIANPAINT, BAJAJ-AUTO, HCLTECH, VBL, LTIM"
DIVISLAB,"ABB, NAUKRI, ZYDUSLIFE, SUNPHARMA, EICHERMOT"
DLF,"JIOFIN, NHPC, ADANIPORTS, POWERGRID, BAJAJHLDNG"
DMART,"LICI, ZOMATO, LT, HAVELLS, TATACONSUM"
DRREDDY,"NESTLEIND, SBIN, PIDILITIND, BAJAJ-AUTO, HCLTECH"
EICHERMOT,"IRCTC, ITC, SUNPHARMA, DIVISLAB, ABB"
GAIL,"ULTRACEMCO, TATACONSUM, TECHM, LT, SHREECEM"
GODREJCP,"BHEL, BPCL, MOTHERSON, ICICIPRULI, IOC"
GRASIM,"TATAPOWER, M&M, TVSMOTOR, ADANIENT, ADANIENSOL"
HAL,"ADANIPOWER, ITC, IRCTC, EICHERMOT, BEL"
HAVELLS,"TECHM, LT, TATACONSUM, LICI, SHREECEM"
HCLTECH,"PIDILITIND, BAJAJ-AUTO, DABUR, VBL, SBIN"
HDFCBANK,"INFY, SBILIFE, TCS, WIPRO, ICICIBANK"
HDFCLIFE,"ICICIPRULI, ZOMATO, DMART, LICI, BHEL"
HEROMOTOCO,"CIPLA, ICICIGI, INDIGO, HINDUNILVR, HDFCLIFE"
HINDALCO,"COALINDIA, INDIGO, HINDUNILVR, BAJFINANCE, CIPLA"
HINDUNILVR,"INDIGO, HINDALCO, COALINDIA, CIPLA, HEROMOTOCO"
ICICIBANK,"KOTAKBANK, CANBK, SHRIRAMFIN, PNB, BAJAJFINSV"
ICICIGI,"HEROMOTOCO, CIPLA, HDFCLIFE, MARUTI, AMBUJACEM"
ICICIPRULI,"HDFCLIFE, ZOMATO, DMART, LICI, BHEL"
INDIGO,"HINDUNILVR, HINDALCO, COALINDIA, CIPLA, HEROMOTOCO"
INDUSINDBK,"ADANIGREEN, BANKBARODA, IRFC, UNIONBANK, PFC"
INFY,"TCS, WIPRO, SBILIFE, HDFCBANK, BAJAJHLDNG"
IOC,"BPCL, TATASTEEL, MOTHERSON, JSWSTEEL, APOLLOHOSP"
IRCTC,"ITC, EICHERMOT, SUNPHARMA, DIVISLAB, ABB"
IRFC,"PFC, RECLTD, ADANIGREEN, UNIONBANK, INDUSINDBK"
ITC,"IRCTC, EICHERMOT, SUNPHARMA, HAL, DIVISLAB"
JINDALSTEL,"ULTRACEMCO, GAIL, TRENT, RELIANCE, SHREECEM"
JIOFIN,"DLF, BAJAJHLDNG, NHPC, ADANIPORTS, POWERGRID"
JSWENERGY,"BEL, BRITANNIA, LODHA, TORNTPHARM, ADANIPOWER"
JSWSTEEL,"TATASTEEL, IOC, APOLLOHOSP, BPCL, TATAMOTORS"
KOTAKBANK,"ICICIBANK, CANBK, SHRIRAMFIN, RECLTD, PFC"
LICI,"DMART, ZOMATO, LT, HAVELLS, TATACONSUM"
LODHA,"TORNTPHARM, DRREDDY, NESTLEIND, BAJAJ-AUTO, ZYDUSLIFE"
LT,"TATACONSUM, TECHM, HAVELLS, DMART, GAIL"
LTIM,"UNITDSPR, SIEMENS, AMBUJACEM, BOSCHLTD, ASIANPAINT"
M&M,"TATAPOWER, GRASIM, ADANIENT, TVSMOTOR, NTPC"
MARUTI,"SHREECEM, UNITDSPR, AMBUJACEM, BOSCHLTD, LTIM"
MOTHERSON,"BPCL, APOLLOHOSP, IOC, BHEL, ONGC"
NAUKRI,"ZYDUSLIFE, ABB, DIVISLAB, SUNPHARMA, DRREDDY"
NESTLEIND,"DRREDDY, SBIN, PIDILITIND, HCLTECH, BAJAJ-AUTO"
NHPC,"ADANIPORTS, POWERGRID, DLF, HAL, JIOFIN"
NTPC,"M&M, TATAMOTORS, TATAPOWER, GRASIM, APOLLOHOSP"
ONGC,"RELIANCE, BHEL, ZOMATO, ULTRACEMCO, MOTHERSON"
PFC,"IRFC, RECLTD, UNIONBANK, ADANIGREEN, INDUSINDBK"
PIDILITIND,"HCLTECH, SBIN, BAJAJ-AUTO, NESTLEIND, VBL"
PNB,"BAJAJFINSV, VEDL, ADANIGREEN, SHRIRAMFIN, INDUSINDBK"
POWERGRID,"ADANIPORTS, NHPC, DLF, JIOFIN, HAL"
RECLTD,"PFC, IRFC, ADANIGREEN, INDUSINDBK, UNIONBANK"
RELIANCE,"ULTRACEMCO, JINDALSTEL, GAIL, TATACONSUM, ONGC"
SBILIFE,"WIPRO, INFY, TCS, HDFCBANK, COALINDIA"
SBIN,"PIDILITIND, NESTLEIND, HCLTECH, BAJAJ-AUTO, DRREDDY"
SHREECEM,"MARUTI, TECHM, GAIL, HAVELLS, TATACONSUM"
SHRIRAMFIN,"RECLTD, ADANIGREEN, IRFC, BAJAJFINSV, PFC"
SIEMENS,"BOSCHLTD, AMBUJACEM, UNITDSPR, LTIM, ASIANPAINT"
SUNPHARMA,"DIVISLAB, ABB, NAUKRI, ZYDUSLIFE, EICHERMOT"
TATACONSUM,"LT, TECHM, HAVELLS, GAIL, ULTRACEMCO"
TATAMOTORS,"APOLLOHOSP, MOTHERSON, BPCL, IOC, JSWSTEEL"
TATAPOWER,"GRASIM, M&M, TVSMOTOR, ADANIENT, ADANIENSOL"
TATASTEEL,"JSWSTEEL, IOC, APOLLOHOSP, BPCL, MOTHERSON"
TCS,"INFY, WIPRO, SBILIFE, HDFCBANK, BAJAJHLDNG"
TECHM,"HAVELLS, LT, TATACONSUM, SHREECEM, GAIL"
TITAN,"ADANIENT, TVSMOTOR, BHARTIARTL, ADANIENSOL, TATAPOWER"
TORNTPHARM,"LODHA, BAJAJ-AUTO, DRREDDY, ATGL, DABUR"
TRENT,"JINDALSTEL, ATGL, LTIM, ULTRACEMCO, UNITDSPR"
TVSMOTOR,"ADANIENT, ADANIENSOL, TATAPOWER, GRASIM, M&M"
ULTRACEMCO,"GAIL, JINDALSTEL, TATACONSUM, TECHM, LT"
UNIONBANK,"BANKBARODA, IRFC, INDUSINDBK, ADANIGREEN, PFC"
UNITDSPR,"AMBUJACEM, LTIM, SIEMENS, BOSCHLTD, ASIANPAINT"
VBL,"HCLTECH, ASIANPAINT, SIEMENS, BOSCHLTD, DABUR"
VEDL,"BHARTIARTL, PNB, BAJAJFINSV, TITAN, SHRIRAMFIN"
WIPRO,"TCS, INFY, SBILIFE, HDFCBANK, BAJAJHLDNG"
ZOMATO,"DMART, LICI, ICICIPRULI, LT, TATACONSUM"
ZYDUSLIFE,"NAUKRI, ABB, DIVISLAB, SUNPHARMA, DRREDDY"
